nombre,apellido,sexo,fecha_nacimiento,pais,id_cedula,fecha_cedula,no_celular,correo,info_requerida,status_proceso,counter
Claudia,BLANCO,M,03/04/1974,COL,409166553,12/24/1991,+57683839534,ClaBLA22@correo.com,1,OK,0
Alhelí,SERRANO,M,07/02/1975,ESP,857726819,12/10/1975,+34592531522,AlhSER202@correo.com,1,NOK,2
Carmen,TORRES,M,01/07/1966,ESP,833205026,11/16/1982,+34311154284,CarTOR95@correo.com,1,NOK,3
 Jesús ,LORENZO,H,03/31/1975,ARG,628390571,09/14/1976,+54862944764, JeLOR707@correo.com,1,NOK,3
 Leo ,DIEZ,H,12/11/2002,COL,273619785,09/10/2003,+57160410837, LeDIE650@correo.com,1,NOK,0
Orquídea,BLANCO,M,09/29/1967,ARG,189244094,07/24/1985,+54130709459,OrqBLA541@correo.com,1,OK,0
,CARRASCO,M,01/26/1972,ESP,962682787,05/06/1978,+34326181724,CAR31@correo.com,1,NOK,3
Makani,RAMOS,M,03/16/1996,ARG,763920385,08/09/2014,+54311868213,MakRAM453@correo.com,1,NOK,1
 Luka ,AGUILAR,H,11/11/1996,COL,598556100,03/23/2009,+57427746060, LuAGU428@correo.com,1,OK,0
 Arnau ,FERRER,H,03/01/1984,COL,807037178,01/03/2004,+57489862184, ArFER536@correo.com,1,OK,0
Violeta,RUIZ,M,09/10/1968,ARG,347351303,07/26/1977,+54793894272,VioRUI497@correo.com,1,OK,0
,GIMENEZ,H,05/09/1962,ESP,757690627,02/15/1970,+34559775589,GIM993@correo.com,1,OK,0
 Saúl ,GIMENEZ,H,08/20/1974,MEX,521522314,07/21/1993,+52989330432, SaGIM738@correo.com,1,NOK,1
 Rubén ,MORALES,H,11/12/1961,COL,329641449,12/27/1979,+57656686794, RuMOR293@correo.com,1,OK,0
 Oliver ,SERRANO,H,12/20/1982,ESP,561266228,07/12/1987,+34593877709, OlSER528@correo.com,1,NOK,3
 Unai ,MOYA,H,08/13/1992,ESP,777366462,12/15/1997,+34355259577, UnMOY159@correo.com,1,OK,0
 Antonio ,SANTANA,H,01/09/1966,PER,733633132,05/28/1984,+51576318120, AnSAN723@correo.com,1,OK,0
Tempestad,MARTIN,M,06/14/1994,ARG,282337507,01/20/2012,+54284528772,TemMAR862@correo.com,1,OK,0
Talía,BLANCO,M,06/25/1992,ARG,354520758,12/12/2006,+54961544081,TalBLA854@correo.com,1,NOK,1
Zuzani,BRAVO,M,02/17/1998,ARG,377720096,04/10/2007,+54469132947,ZuzBRA473@correo.com,1,OK,0
Alejandra,FERNANDEZ,M,03/10/1998,PER,817861455,02/22/2011,+51262959727,AleFER635@correo.com,1,OK,0
 Jorge ,RAMIREZ,H,03/01/1972,COL,913867905,12/26/1977,+57509853905, JoRAM149@correo.com,1,NOK,1
Adriana,TORRES,M,10/09/1988,MEX,309087460,05/07/1998,+52374420695,AdrTOR530@correo.com,1,OK,0
 Matías ,ORTIZ,H,07/04/1983,ARG,789322414,11/05/1988,+54295652591, MaORT975@correo.com,1,OK,0
 Joel ,BENITEZ,H,12/09/1974,COL,680884827,03/13/1988,+57768995269, JoBEN311@correo.com,1,OK,0
 Ignacio ,RAMOS,H,11/01/1978,MEX,875806101,10/24/1986,+52641010316, IgRAM435@correo.com,1,OK,0
 Alan ,CORTES,H,02/17/1980,MEX,650740422,05/10/1982,+52475034498, AlCOR744@correo.com,1,NOK,3
 Gabriel ,PEÑA,H,03/14/1965,COL,737621924,11/12/1974,+57865277512, GaPEÑ682@correo.com,1,OK,0
 Adrián ,JIMENEZ,H,08/10/1993,COL,990107468,10/04/1998,+57535274736, AdJIM329@correo.com,1,OK,0
,CAMPOS,M,03/04/1986,COL,219533970,01/21/1992,+57824691718,CAM748@correo.com,1,OK,0
Celia,CASTRO,M,04/04/1995,ESP,529003952,11/19/2011,+34117061848,CelCAS275@correo.com,1,NOK,3
Azahara,GARRIDO,M,10/22/1987,ESP,328767146,02/13/1989,+34341994862,AzaGAR645@correo.com,1,OK,0
Miku,MARTINEZ,M,06/07/2001,ESP,451563415,02/29/2016,+34702705553,MikMAR363@correo.com,1,OK,0
Julieta,ORTIZ,M,01/07/1972,PER,857941680,05/20/1976,+51977807395,JulORT605@correo.com,1,OK,0
Amira,DURAN,M,05/24/1967,ARG,421668792,12/30/1980,+54966157728,AmiDUR547@correo.com,1,OK,0
 Teo ,NUÑEZ,H,05/17/1967,COL,189938066,07/22/1972,+57186230138, TeNUÑ608@correo.com,1,OK,0
 Youssef ,GOMEZ,H,09/30/1960,ESP,581532321,05/07/1962,+34851838644, YoGOM411@correo.com,1,NOK,1
 Antonio ,MARTIN,H,05/17/1976,ARG,356742927,06/27/1989,+54779823594, AnMAR150@correo.com,1,OK,0
 Marco ,DURAN,H,11/01/2003,ARG,140666651,02/03/2022,+54447848425, MaDUR330@correo.com,1,NOK,0
 Luis ,BLANCO,H,05/16/2002,COL,125054651,02/18/2005,+57513509860, LuBLA737@correo.com,1,OK,0
Clara,ROJAS,M,12/29/1985,ARG,587100792,11/19/2001,+54511524310,ClaROJ196@correo.com,1,OK,0
Aina,IGLESIAS,M,04/05/1970,PER,245559804,04/21/1979,+51349295091,AinIGL491@correo.com,1,OK,0
 Adam ,,H,06/25/1983,PER,832506516,03/29/1997,+51463495942, Ad491@correo.com,1,NOK,1
Fátima,AGUILAR,M,10/17/1965,MEX,203109285,07/08/1978,+52630008853,FátAGU17@correo.com,1,OK,0
Aurora,PARRA,M,12/08/1985,COL,268915677,05/23/1989,+57925686236,AurPAR619@correo.com,1,OK,0
Brena,IBAÑEZ,M,05/05/1967,ESP,570440104,12/15/1986,+34362991139,BreIBA336@correo.com,1,NOK,2
 Luka ,FERNANDEZ,H,02/02/2003,PER,197577579,11/27/2009,+51553210053, LuFER761@correo.com,1,NOK,1
Leyre,MENDEZ,M,03/31/1981,ESP,221463787,03/26/1985,+34643891698,LeyMEN345@correo.com,1,NOK,2
Gabriela,VAZQUEZ,M,02/24/1974,MEX,684458657,09/03/1989,+52446740427,GabVAZ223@correo.com,1,NOK,0
 Arnau ,VEGA,H,08/21/1972,ESP,325065294,02/26/1974,+34324825921, ArVEG486@correo.com,1,OK,0
 Mauro ,VAZQUEZ,H,07/24/2001,ESP,106026614,04/30/2007,+34853917381, MaVAZ143@correo.com,1,NOK,2
Helena,MEDINA,M,09/29/1999,COL,645185995,07/18/2012,+57902077584,HelMED590@correo.com,1,NOK,0
 Mauro ,CARRASCO,H,10/19/1966,ARG,512560440,01/12/1980,+54100508902, MaCAR192@correo.com,1,NOK,3
Margarita,NUÑEZ,M,05/04/1990,COL,104161686,10/27/1996,+57479671812,MarNUÑ221@correo.com,1,NOK,1
 Omar ,SANCHEZ,H,04/01/1971,COL,540223886,12/09/1983,+57126851849, OmSAN280@correo.com,1,NOK,0
 Javier ,LORENZO,H,09/18/1974,ARG,883911190,11/29/1985,+54654813381, JaLOR81@correo.com,1,OK,0
Morgana,MORENO,M,09/29/1991,ESP,500966624,08/01/2009,+34760970055,MorMOR499@correo.com,1,NOK,2
Diana,FERNANDEZ,M,07/13/1984,PER,907867811,10/22/1995,+51690735934,DiaFER773@correo.com,1,NOK,0
 Mohamed ,HERNANDEZ,H,05/19/1988,MEX,473523447,05/29/1988,+52134447888, MoHER581@correo.com,1,OK,0
Carmen,CORTES,M,09/24/1975,ESP,983431185,04/28/1988,+34703257621,CarCOR881@correo.com,1,OK,0
 Víctor ,MARQUEZ,H,06/20/1994,ARG,787148501,12/25/1996,+54966778547, VíMAR692@correo.com,1,NOK,3
Perla,CABRERA,M,09/19/2000,PER,338579466,08/15/2014,+51542118922,PerCAB177@correo.com,1,OK,0
Tempestad,HERRERA,M,05/06/1988,PER,443901849,02/07/1994,+51273937496,TemHER332@correo.com,1,OK,0
África,CRESPO,M,09/12/1964,COL,570630126,11/12/1982,+57502056072,ÁfrCRE199@correo.com,1,NOK,0
África,IGLESIAS,M,11/01/1986,ESP,653576026,06/18/2006,+34381733855,ÁfrIGL242@correo.com,1,OK,0
Mahra,HIDALGO,M,10/25/1967,COL,908583518,05/21/1981,+57585555210,MahHID171@correo.com,1,NOK,1
 Sergio ,FERNANDEZ,H,07/27/1962,PER,256374284,09/23/1972,+51246680773, SeFER91@correo.com,1,NOK,3
 Marc ,MOYA,H,05/24/1977,ESP,624673403,11/01/1984,+34396123883, MaMOY775@correo.com,1,OK,0
Isabella,IBAÑEZ,M,06/01/1984,COL,278462716,11/28/1998,+57151526408,IsaIBA526@correo.com,1,NOK,2
Ainhoa,SOTO,M,04/22/1975,ESP,870335659,03/01/1979,+34934365505,AinSOT465@correo.com,1,OK,0
Claudia,FLORES,M,10/10/1986,ARG,776258939,10/16/1997,+54245053150,ClaFLO65@correo.com,1,OK,0
Saori,SAEZ,M,08/26/1981,MEX,957736281,05/11/1988,+52490137958,SaoSAE652@correo.com,1,NOK,3
,DELGADO,M,09/30/1966,COL,189194221,01/14/1974,+57385353747,DEL152@correo.com,1,OK,0
Dalia,LOZANO,M,04/24/1986,ESP,876822357,11/21/1997,+34955717598,DalLOZ378@correo.com,1,OK,0
Salana,CASTILLO,M,09/19/1999,PER,656128121,08/10/2012,+51286675781,SalCAS806@correo.com,1,OK,0
 Martín ,NAVARRO,H,04/22/1990,COL,636625964,08/12/2005,+57782453193, MaNAV496@correo.com,1,OK,0
Azahara,GARRIDO,M,08/24/1985,MEX,445362911,01/19/1990,+52312781937,AzaGAR834@correo.com,1,NOK,1
Laura,RODRIGUEZ,M,11/07/1989,PER,124595920,09/08/2002,+51621752335,LauROD235@correo.com,1,OK,0
Alba,GONZALEZ,M,09/11/1995,COL,334425449,02/13/1997,+57875175190,AlbGON592@correo.com,1,OK,0
Laura,GALLARDO,M,06/15/1986,COL,191470584,04/23/1992,+57625319683,LauGAL207@correo.com,1,NOK,1
Tempestad,GIMENEZ,M,05/31/1998,MEX,741339271,10/12/2011,+52695977250,TemGIM991@correo.com,1,NOK,2
Amaia,SERRANO,M,09/05/1966,ARG,353090866,08/16/1975,+54229364301,AmaSER819@correo.com,1,NOK,2
 Marco ,FLORES,H,10/14/1962,COL,179501442,01/09/1972,+57149391724, MaFLO904@correo.com,1,NOK,0
 Ángel ,VICENTE,H,04/13/1985,COL,409566614,03/30/1992,+57754464171, ÁnVIC749@correo.com,1,OK,0
Lara,RAMIREZ,M,08/29/1990,PER,954782256,01/28/2003,+51834600272,LarRAM84@correo.com,1,NOK,2
 Darío ,BENITEZ,H,03/16/1976,PER,378085942,02/19/1988,+51352569436, DaBEN650@correo.com,1,NOK,0
 Rayan ,VELASCO,H,03/10/1973,PER,205382033,03/09/1982,+51730248355, RaVEL732@correo.com,1,OK,0
Violeta,GALLARDO,M,04/24/1974,MEX,751438030,10/27/1974,+52957132044,VioGAL456@correo.com,1,OK,0
Laura,GIMENEZ,M,01/25/1980,COL,909895737,06/05/1995,+57605975646,LauGIM494@correo.com,1,OK,0
Andrea,MENDEZ,M,03/25/1973,ARG,964352837,05/01/1987,+54873476190,AndMEN350@correo.com,1,OK,0
 Víctor ,TORRES,H,09/02/1969,PER,705704284,02/15/1982,+51822835796, VíTOR800@correo.com,1,NOK,2
Reva,DOMINGUEZ,M,12/22/1990,COL,206551917,04/17/2004,+57875329197,RevDOM423@correo.com,1,OK,0
 Adrián ,LORENZO,H,10/22/1983,PER,509283493,05/21/1994,+51414870176, AdLOR186@correo.com,1,OK,0
 Héctor ,GIL,H,11/28/1988,ARG,694388204,11/17/1989,+54776542366, HéGIL730@correo.com,1,OK,0
Berta,GOMEZ,M,02/06/1990,ESP,479756719,07/11/1999,+34534544606,BerGOM301@correo.com,1,NOK,1
 Juan ,GUTIERREZ,H,07/25/1999,ESP,969349236,12/26/2010,+34842861222, JuGUT230@correo.com,1,OK,0
Candela,DOMINGUEZ,M,11/13/1994,PER,442145806,11/14/1998,+51859468035,CanDOM642@correo.com,1,OK,0
 Aarón ,SANTIAGO,H,06/22/1984,COL,851249464,03/14/2002,+57584399181, AaSAN538@correo.com,1,NOK,1
Isabel,CARMONA,M,11/10/1963,ESP,720800800,01/30/1971,+34189773286,IsaCAR491@correo.com,1,OK,0
Clara,FUENTES,M,10/04/2000,ARG,864289797,03/19/2016,+54420656490,ClaFUE91@correo.com,1,NOK,2
 Rayan ,NIETO,H,03/22/1988,ARG,540021427,05/31/2005,+54294740060, RaNIE310@correo.com,1,OK,0
Miku,CAMPOS,M,12/08/1985,ESP,658856653,10/15/2000,+34168884291,MikCAM760@correo.com,1,OK,0
 Mauro ,RIVERA,H,05/15/1973,MEX,901945590,12/03/1976,+52692466238, MaRIV545@correo.com,1,OK,0
 Thiago ,MOLINA,H,09/05/1962,ARG,524107006,07/28/1971,+54795021675, ThMOL428@correo.com,1,OK,0
 Adrián ,MEDINA,H,03/09/1994,ARG,446635882,06/10/1994,+54247838396, AdMED369@correo.com,1,OK,0
 Axel ,REYES,H,11/18/1962,ARG,870068117,11/04/1969,+54569641686, AxREY703@correo.com,1,OK,0
 Elías ,SERRANO,H,12/02/1967,ESP,846045903,01/04/1982,+34246232459, ElSER863@correo.com,1,OK,0
Makani,CABALLERO,M,07/29/1974,MEX,568901913,09/16/1981,+52288432246,MakCAB496@correo.com,1,OK,0
Talía,CASTILLO,M,01/04/2001,MEX,718811600,05/07/2015,+52674225590,TalCAS434@correo.com,1,OK,0
Rosa,GIL,M,12/14/2003,ARG,834352259,07/07/2010,+54326497031,RosGIL423@correo.com,1,OK,0
 Jaime ,SOTO,H,11/02/1996,COL,591170524,10/23/2004,+57679806667, JaSOT934@correo.com,1,NOK,2
 Diego ,REYES,H,09/26/1969,COL,822467143,10/21/1984,+57577039348, DiREY275@correo.com,1,NOK,3
 Unai ,CARMONA,H,08/31/1996,PER,689667213,09/10/2007,+51446672925, UnCAR666@correo.com,1,NOK,2
 Jorge ,GIL,H,09/29/1979,COL,710474906,07/30/1985,+57645195137, JoGIL63@correo.com,1,NOK,2
Aitana,MORALES,M,04/17/1965,MEX,266127639,11/27/1984,+52695817102,AitMOR250@correo.com,1,NOK,2
Inés,ORTEGA,M,05/17/1980,COL,765071384,04/28/1984,+57493433124,InéORT773@correo.com,1,NOK,3
,SANCHEZ,H,05/17/1981,MEX,741937164,03/10/1983,+52799202768,SAN191@correo.com,1,NOK,1
Iria,MARTINEZ,M,01/20/1977,ARG,665872366,09/29/1977,+54481934300,IriMAR278@correo.com,1,OK,0
 Darío ,MORENO,H,03/15/1981,ESP,948985605,11/17/1989,+34651322061, DaMOR108@correo.com,1,OK,0
Ariadna,MEDINA,M,10/29/1984,MEX,760303022,01/23/2000,+52551086379,AriMED656@correo.com,1,OK,0
Alizeh,VEGA,M,09/10/1997,ARG,230038796,03/19/2006,+54535770119,AliVEG395@correo.com,1,OK,0
 Samuel ,GIL,H,12/30/1985,COL,393680242,04/22/1988,+57791297239, SaGIL207@correo.com,1,NOK,3
 Antonio ,BRAVO,H,11/27/1960,ESP,564161982,07/08/1971,+34119241462, AnBRA351@correo.com,1,OK,0
Blanca,CANO,M,04/07/1968,COL,701089016,12/08/1979,+57491217202,BlaCAN281@correo.com,1,NOK,2
 José ,PASTOR,H,06/23/1994,PER,177078886,05/22/2008,+51353688846, JoPAS544@correo.com,1,NOK,3
Berta,MENDEZ,M,08/10/1966,ESP,152472853,05/01/1973,+34747046828,BerMEN481@correo.com,1,NOK,3
Makani,FERRER,M,09/07/1982,ESP,386448176,10/02/2000,+34843520264,MakFER114@correo.com,1,NOK,1
Andrea,MOLINA,M,09/11/1977,COL,765579106,04/10/1986,+57918063476,AndMOL490@correo.com,1,OK,0
Morgana,MARTIN,M,02/24/1990,ESP,334390911,03/10/2005,+34495396472,MorMAR276@correo.com,1,NOK,3
 Samuel ,CORTES,H,07/29/2003,COL,607337394,01/23/2009,+57655147256, SaCOR301@correo.com,1,OK,0
 Juan ,IGLESIAS,H,02/02/2000,ESP,992356042,01/01/2013,+34741754066, JuIGL770@correo.com,1,NOK,2
 Iker ,ORTEGA,H,02/02/2003,COL,844740697,06/17/2020,+57530929649, IkORT818@correo.com,1,NOK,2
 Teo ,SANTANA,H,01/06/1969,MEX,561273290,03/09/1977,+52637677316, TeSAN86@correo.com,1,NOK,3
 Jaime ,BLANCO,H,12/16/1978,COL,702492796,08/21/1982,+57367390455, JaBLA830@correo.com,1,NOK,1
 Pol ,VAZQUEZ,H,11/25/2000,COL,900536095,09/06/2003,+57274537416, PoVAZ932@correo.com,1,OK,0
 Julen ,SANTOS,H,01/03/1980,ESP,540383624,01/07/1988,+34376259422, JuSAN240@correo.com,1,NOK,2
 Unai ,PEÑA,H,11/13/2002,COL,290754999,03/16/2014,+57636202537, UnPEÑ686@correo.com,1,NOK,2
 Álvaro ,VEGA,H,04/26/1974,MEX,539803658,07/29/1978,+52584370700, ÁlVEG322@correo.com,1,OK,0
 Teo ,DIEZ,H,10/29/1984,COL,641204185,09/23/2002,+57209109737, TeDIE251@correo.com,1,OK,0
Elsa,MARTIN,M,05/11/1963,PER,438623742,08/20/1965,+51723538204,ElsMAR126@correo.com,1,NOK,1
Julieta,SAEZ,M,03/14/1965,MEX,822580220,10/20/1979,+52267814281,JulSAE48@correo.com,1,OK,0
 Pablo ,REYES,H,03/05/1991,ESP,286062387,04/22/2005,+34853272428, PaREY507@correo.com,1,OK,0
 Darío ,SANTANA,H,09/23/1964,MEX,292785048,02/08/1973,+52360142043, DaSAN297@correo.com,1,OK,0
 Adam ,SANTIAGO,H,01/24/1968,ARG,334327905,10/02/1986,+54178798201, AdSAN226@correo.com,1,OK,0
Dalia,BLANCO,M,05/09/1967,PER,437281663,02/12/1983,+51750809013,DalBLA884@correo.com,1,OK,0
 Martí ,CARMONA,H,05/10/1974,COL,975911424,07/26/1978,+57435337391, MaCAR774@correo.com,1,NOK,1
 Miguel ,GALLARDO,H,11/07/1975,ARG,990685748,06/18/1979,+54550786032, MiGAL74@correo.com,1,OK,0
Clara,ROMERO,M,04/02/1974,ARG,167151737,11/21/1992,+54801440979,ClaROM445@correo.com,1,OK,0
 Raúl ,MOYA,H,11/09/1965,ARG,752659074,06/16/1977,+54238866825, RaMOY294@correo.com,1,OK,0
Violeta,CARRASCO,M,06/11/1962,ARG,586284681,10/21/1965,+54760348621,VioCAR872@correo.com,1,OK,0
 Sergio ,DOMINGUEZ,H,04/10/1981,MEX,221992532,09/28/1997,+52553873514, SeDOM115@correo.com,1,NOK,3
Dalia,IGLESIAS,M,01/07/1970,ESP,913742378,10/24/1984,+34352561447,DalIGL283@correo.com,1,NOK,3
 Enzo ,GUTIERREZ,H,06/05/1962,PER,576568333,10/12/1969,+51958993156, EnGUT656@correo.com,1,OK,0
Zuzani,ROMAN,M,07/17/1960,ESP,512132284,08/03/1975,+34763018306,ZuzROM854@correo.com,1,NOK,3
 Eric ,ROMAN,H,05/25/2001,ESP,190825162,05/10/2017,+34384521260, ErROM315@correo.com,1,NOK,3
 Fernando ,RUIZ,H,01/03/1970,MEX,998620778,05/23/1980,+52155952813, FeRUI360@correo.com,1,OK,0
Morgana,CARRASCO,M,07/27/1993,PER,179891279,11/24/2005,+51138645999,MorCAR573@correo.com,1,NOK,3
Abril,PASCUAL,M,07/05/2001,COL,677159771,07/09/2016,+57475510679,AbrPAS678@correo.com,1,OK,0
 Julen ,DIAZ,H,01/09/2002,PER,989124343,02/04/2014,+51130533681, JuDIA292@correo.com,1,OK,0
Esen,SANTANA,M,10/09/1971,COL,215830364,02/16/1978,+57183221303,EseSAN577@correo.com,1,NOK,2
 Lucas ,GUTIERREZ,H,11/12/1971,ARG,310901441,02/21/1976,+54283352226, LuGUT21@correo.com,1,OK,0
 Juan ,LORENZO,H,10/12/1978,ARG,171444621,09/19/1989,+54585996827, JuLOR687@correo.com,1,OK,0
Andrea,VARGAS,M,06/09/1964,PER,972629979,09/18/1971,+51149785695,AndVAR426@correo.com,1,NOK,2
Kalindi,GIMENEZ,M,05/28/1997,COL,614795167,05/25/2008,+57415738866,KalGIM236@correo.com,1,OK,0
Carlota,RODRIGUEZ,M,07/10/1992,PER,291621113,02/17/2007,+51723899329,CarROD8@correo.com,1,NOK,0
 Gael ,FERNANDEZ,H,07/25/1998,PER,227069895,09/14/2003,+51726439626, GaFER206@correo.com,1,NOK,3
 Francisco ,MORENO,H,07/24/1975,PER,118076301,01/11/1976,+51901775770, FrMOR873@correo.com,1,OK,0
 Adam ,ORTEGA,H,11/08/1990,MEX,816854963,09/05/2008,+52231009583, AdORT244@correo.com,1,NOK,0
 Matías ,MARQUEZ,H,04/09/1972,PER,590598738,09/30/1982,+51682025369, MaMAR199@correo.com,1,NOK,2
 Imran ,RUIZ,H,08/23/1976,ESP,409218542,09/20/1981,+34880257547, ImRUI632@correo.com,1,NOK,2
 Mohamed ,VELASCO,H,01/06/1976,PER,539457817,10/07/1987,+51793830184, MoVEL767@correo.com,1,OK,0
Claudia,VARGAS,M,06/10/1977,MEX,793150557,03/27/1980,+52867078356,ClaVAR825@correo.com,1,NOK,3
 Noah ,ARIAS,H,06/11/1999,ESP,829974622,05/18/2007,+34879727648, NoARI972@correo.com,1,OK,0
 Alonso ,MARTINEZ,H,09/10/1989,ESP,529101053,02/20/1994,+34988346773, AlMAR442@correo.com,1,OK,0
 Alberto ,GARRIDO,H,07/12/1973,ESP,941573004,06/25/1990,+34698354889, AlGAR200@correo.com,1,NOK,0
 Iker ,MORENO,H,06/01/1963,COL,834346938,01/28/1965,+57341181393, IkMOR431@correo.com,1,NOK,2
 Gonzalo ,DELGADO,H,10/07/1987,MEX,153784165,03/25/1988,+52848743923, GoDEL334@correo.com,1,OK,0
 Martí ,FERNANDEZ,H,08/18/1995,ESP,758420148,02/05/2013,+34241217516, MaFER895@correo.com,1,OK,0
 Jaime ,PASTOR,H,09/16/1960,ESP,925774050,02/06/1967,+34326934287, JaPAS740@correo.com,1,NOK,2
,IBAÑEZ,M,12/26/1980,ESP,122544812,09/01/1982,+34807635055,IBA447@correo.com,1,OK,0
Aroa,RUIZ,M,01/29/1992,PER,844129573,12/03/1997,+51807640594,AroRUI6@correo.com,1,OK,0
Iria,FERRER,M,04/24/1975,ARG,455868902,06/12/1984,+54607311256,IriFER49@correo.com,1,NOK,1
 Santiago ,MARQUEZ,H,07/21/1995,MEX,127126942,11/27/2000,+52313157069, SaMAR423@correo.com,1,OK,0
 Ian ,CRUZ,H,07/26/1981,ESP,695666938,01/29/1999,+34950404717, IaCRU929@correo.com,1,NOK,1
 Antonio ,HERNANDEZ,H,03/20/1977,PER,828451605,02/25/1989,+51326985715, AnHER648@correo.com,1,OK,0
Lulani,FLORES,M,06/07/1982,COL,238163024,07/29/1987,+57968297544,LulFLO683@correo.com,1,OK,0
 Iván ,RAMIREZ,H,01/05/1964,MEX,832379874,06/06/1967,+52752777406, IvRAM839@correo.com,1,NOK,0
 Aitor ,FERRER,H,03/16/2001,COL,344368216,10/23/2001,+57591561990, AiFER657@correo.com,1,NOK,2
 Rayan ,IBAÑEZ,H,01/07/1982,PER,788761986,06/28/1992,+51500769001, RaIBA879@correo.com,1,NOK,2
Carolina,RUIZ,M,08/14/1973,ESP,741135503,01/20/1993,+34625986298,CarRUI119@correo.com,1,OK,0
Lulani,BRAVO,M,04/27/1995,MEX,429110258,08/14/1995,+52124872792,LulBRA804@correo.com,1,OK,0
Alba,ORTIZ,M,11/15/1981,ESP,237116232,10/25/1988,+34331758842,AlbORT617@correo.com,1,OK,0
 Antonio ,SANCHEZ,H,09/14/1966,MEX,996639282,03/03/1983,+52702570016, AnSAN42@correo.com,1,NOK,3
Fátima,MUÑOZ,M,08/14/1994,ESP,561126665,07/24/2008,+34257371817,FátMUÑ275@correo.com,1,OK,0
 Jorge ,SERRANO,H,03/21/1976,COL,679665672,12/14/1995,+57720540502, JoSER799@correo.com,1,NOK,2
 Iván ,AGUILAR,H,07/28/2002,PER,160878217,04/09/2021,+51403836908, IvAGU668@correo.com,1,OK,0
Carla,SERRANO,M,06/24/1974,ESP,669038799,11/23/1981,+34493482383,CarSER414@correo.com,1,OK,0
 Martí ,CASTRO,H,06/05/1961,ARG,289743894,10/08/1973,+54504739716, MaCAS40@correo.com,1,NOK,1
 Ian ,MORA,H,03/07/1995,COL,256097468,06/16/2006,+57333375843, IaMOR172@correo.com,1,NOK,3
 Francisco ,CARRASCO,H,09/24/1992,PER,474799846,07/18/2000,+51697290399, FrCAR554@correo.com,1,OK,0
 Arnau ,SANZ,H,10/16/1962,COL,725812996,11/27/1975,+57647262457, ArSAN630@correo.com,1,NOK,2
Lía,MUÑOZ,M,11/06/1996,ESP,649616012,03/01/2001,+34943469504,LíaMUÑ578@correo.com,1,OK,0
 Pol ,VEGA,H,09/26/1986,MEX,393232837,02/02/1988,+52963671636, PoVEG260@correo.com,1,OK,0
 Mateo ,LOZANO,H,07/01/1961,MEX,236708318,04/06/1976,+52852102881, MaLOZ479@correo.com,1,OK,0
Esmeralda,GALLARDO,M,06/15/1984,ARG,420973461,03/23/1987,+54385172312,EsmGAL840@correo.com,1,OK,0
Amira,MARTIN,M,01/23/1979,ARG,815498185,07/19/1987,+54254490954,AmiMAR708@correo.com,1,OK,0
Daniela,JIMENEZ,M,04/26/1960,PER,280032151,12/09/1962,+51787051956,DanJIM575@correo.com,1,NOK,1
Diana,VEGA,M,01/19/2000,MEX,527219790,07/21/2001,+52318187075,DiaVEG134@correo.com,1,OK,0
Alejandra,SANTANA,M,11/02/1984,COL,834085376,05/23/2000,+57206618284,AleSAN904@correo.com,1,OK,0
Oriane,CORTES,M,09/23/1979,ARG,796080659,02/03/1984,+54149610593,OriCOR325@correo.com,1,OK,0
 Arnau ,NIETO,H,05/23/1973,PER,719044526,05/17/1988,+51501363872, ArNIE757@correo.com,1,OK,0
Isabel,GUTIERREZ,M,02/21/1977,ESP,665707395,06/25/1979,+34312293311,IsaGUT41@correo.com,1,NOK,2
 Miguel ,ROMERO,H,04/17/1984,PER,969544777,10/29/1995,+51914737908, MiROM524@correo.com,1,NOK,0
 Pablo ,BENITEZ,H,09/02/1990,MEX,195009711,03/07/1999,+52178584549, PaBEN980@correo.com,1,NOK,0
Esen,PASTOR,M,08/21/1990,ARG,190736854,10/16/1992,+54325803423,EsePAS101@correo.com,1,NOK,2
 Jorge ,MARQUEZ,H,09/02/1981,MEX,789989208,11/01/1994,+52360871767, JoMAR325@correo.com,1,OK,0
 Julen ,VELASCO,H,05/21/1978,ESP,116560840,05/19/1986,+34711607566, JuVEL8@correo.com,1,OK,0
 Darío ,BENITEZ,H,02/18/1994,ESP,844222935,08/12/1994,+34974903252, DaBEN570@correo.com,1,NOK,0
Kalindi,MORENO,M,05/23/1963,PER,658772362,06/06/1981,+51887258021,KalMOR476@correo.com,1,OK,0
 Leo ,MEDINA,H,04/30/1989,ESP,347486639,11/03/1997,+34983447120, LeMED901@correo.com,1,NOK,0
,DELGADO,M,04/20/1984,ESP,374418048,09/10/1989,+34794299595,DEL96@correo.com,1,OK,0
Violeta,GARRIDO,M,05/19/1986,MEX,254450414,04/26/1994,+52334907107,VioGAR46@correo.com,1,OK,0
 Jon ,MEDINA,H,11/17/1990,PER,374617817,05/21/1993,+51709184287, JoMED698@correo.com,1,NOK,2
 Darío ,RUBIO,H,10/07/1964,MEX,521522751,08/16/1982,+52750885531, DaRUB108@correo.com,1,OK,0
 Héctor ,CRUZ,H,07/01/1968,PER,757002369,11/28/1971,+51803468347, HéCRU267@correo.com,1,OK,0
 Francisco ,GALLARDO,H,06/13/1974,ESP,405342011,04/27/1979,+34382127420, FrGAL893@correo.com,1,NOK,3
 Pau ,NUÑEZ,H,11/06/1989,COL,879214538,01/18/2004,+57157999455, PaNUÑ319@correo.com,1,NOK,3
 Pol ,ALVAREZ,H,03/17/1973,ARG,576999637,07/09/1987,+54475668532, PoALV947@correo.com,1,OK,0
 Guillermo ,SANCHEZ,H,11/18/1991,ARG,643655688,02/19/2009,+54248615034, GuSAN533@correo.com,1,NOK,1
Blanca,CRUZ,M,03/23/1990,ESP,772123318,08/30/2004,+34832925437,BlaCRU0@correo.com,1,OK,0
Tempestad,CASTILLO,M,07/10/1968,PER,596834351,10/28/1974,+51311562516,TemCAS488@correo.com,1,NOK,0
 Pau ,HERRERO,H,01/31/1997,ARG,993862606,12/10/2001,+54414285141, PaHER116@correo.com,1,OK,0
 Noah ,IBAÑEZ,H,12/25/1966,ESP,650120328,02/26/1977,+34539084792, NoIBA319@correo.com,1,OK,0
Orquídea,RAMIREZ,M,02/28/1982,ESP,798434171,09/19/1983,+34642982275,OrqRAM545@correo.com,1,OK,0
 Martín ,GUTIERREZ,H,10/10/1997,COL,402094394,11/04/2016,+57673138450, MaGUT227@correo.com,1,NOK,0
Ángela,HERRERA,M,04/03/1996,ARG,874784761,05/03/2011,+54923040443,ÁngHER877@correo.com,1,NOK,3
Aitana,GUERRERO,M,08/24/1999,ESP,248109499,11/08/1999,+34994864504,AitGUE292@correo.com,1,OK,0
 Isaac ,CANO,H,01/07/1967,ESP,962117556,08/23/1978,+34145233877, IsCAN925@correo.com,1,OK,0
Dalia,GALLARDO,M,09/30/1983,PER,658889080,03/22/1995,+51522839350,DalGAL273@correo.com,1,OK,0
Candela,VIDAL,M,09/17/1993,ARG,551320004,05/16/2013,+54255357037,CanVID884@correo.com,1,NOK,3
Rosa,DURAN,M,01/13/1971,PER,462056240,06/14/1976,+51268765474,RosDUR44@correo.com,1,NOK,1
Celia,DIEZ,M,06/26/1977,COL,937289961,10/11/1994,+57878480534,CelDIE530@correo.com,1,NOK,2
Cristina,MARTIN,M,07/13/1965,ARG,319325200,12/29/1965,+54908045232,CriMAR407@correo.com,1,NOK,1
Esmeralda,PRIETO,M,06/15/1971,ESP,722553285,01/23/1975,+34175081686,EsmPRI605@correo.com,1,OK,0
Berta,FUENTES,M,08/05/1980,ARG,203646308,06/29/1986,+54635012293,BerFUE22@correo.com,1,NOK,2
Fátima,MENDEZ,M,12/04/1982,ESP,950142912,01/24/2000,+34492027046,FátMEN929@correo.com,1,OK,0
 Daniel ,VICENTE,H,11/07/1970,PER,315190554,02/21/1975,+51692542163, DaVIC819@correo.com,1,NOK,3
 Teo ,GONZALEZ,H,11/18/1963,PER,986098295,02/14/1964,+51648713026, TeGON18@correo.com,1,NOK,3
 Isaac ,CALVO,H,08/10/1987,COL,308562594,06/30/1992,+57888220820, IsCAL973@correo.com,1,NOK,0
Orquídea,SANTANA,M,12/11/1965,PER,482152943,03/09/1981,+51516609910,OrqSAN97@correo.com,1,NOK,1
África,PEÑA,M,05/16/1978,COL,145201261,03/21/1988,+57785316672,ÁfrPEÑ891@correo.com,1,NOK,0
 Álex ,SOTO,H,07/10/1980,COL,730673782,09/30/1983,+57912188385, ÁlSOT760@correo.com,1,NOK,1
 Arnau ,GARRIDO,H,07/16/1970,COL,232390561,10/19/1981,+57100576228, ArGAR310@correo.com,1,OK,0
Alejandra,PEREZ,M,10/28/1996,ARG,711808463,09/03/2015,+54265641426,AlePER138@correo.com,1,OK,0
 Leonardo ,MARQUEZ,H,04/01/1999,ARG,493805254,07/07/2002,+54441320560, LeMAR102@correo.com,1,OK,0
Margarita,GARRIDO,M,04/28/2003,MEX,735354775,04/26/2008,+52930119699,MarGAR507@correo.com,1,NOK,1
Jora,CANO,M,11/30/1983,COL,805816716,02/24/1986,+57256514363,JorCAN544@correo.com,1,NOK,3
 Samuel ,LOZANO,H,05/14/1965,COL,856057990,06/18/1966,+57444937203, SaLOZ895@correo.com,1,OK,0
 Youssef ,CRUZ,H,05/28/1964,PER,500916736,01/15/1982,+51921981158, YoCRU445@correo.com,1,NOK,1
Hortensia,GALLARDO,M,01/16/1966,MEX,178790551,09/01/1978,+52876487678,HorGAL216@correo.com,1,OK,0
Brena,LOZANO,M,09/18/1974,ARG,342539582,10/22/1989,+54635181071,BreLOZ375@correo.com,1,NOK,2
 David ,RAMOS,H,08/06/1970,ESP,580932856,02/17/1979,+34281385634, DaRAM254@correo.com,1,NOK,1
Bronte,HERRERO,M,10/20/1988,MEX,539902529,11/08/2003,+52641333261,BroHER83@correo.com,1,OK,0
 Francisco ,MEDINA,H,12/19/1964,MEX,830956475,11/26/1981,+52563670243, FrMED826@correo.com,1,NOK,2
,MOLINA,M,07/25/1996,MEX,332025718,05/09/2003,+52276267156,MOL791@correo.com,1,OK,0
 Axel ,ORTIZ,H,06/29/1969,ARG,310083438,05/09/1981,+54406615875, AxORT387@correo.com,1,NOK,3
 Pablo ,GOMEZ,H,11/24/1992,ARG,643955377,07/27/2012,+54575812032, PaGOM846@correo.com,1,OK,0
 Ian ,IBAÑEZ,H,03/01/1986,PER,549112722,11/27/2000,+51517700551, IaIBA960@correo.com,1,OK,0
Clara,ROJAS,M,11/02/1992,MEX,758215155,04/08/2003,+52649140568,ClaROJ327@correo.com,1,NOK,2
Ainhoa,DELGADO,M,10/21/1964,PER,762080989,01/07/1983,+51381045182,AinDEL50@correo.com,1,OK,0
 Alberto ,CABRERA,H,12/16/1986,PER,971658396,08/31/1999,+51122613229, AlCAB347@correo.com,1,OK,0
Otoño,CARMONA,M,08/21/1990,ARG,447984613,11/09/1990,+54827177723,OtoCAR124@correo.com,1,OK,0
Aluvión,MENDEZ,M,11/18/1977,PER,676417180,06/23/1984,+51258899151,AluMEN305@correo.com,1,OK,0
Clara,CORTES,M,01/23/1973,ESP,137556348,09/23/1991,+34471893666,ClaCOR185@correo.com,1,OK,0
 Luka ,SUAREZ,H,10/13/1963,PER,791294610,06/27/1970,+51980824093, LuSUA261@correo.com,1,OK,0
Fátima,NUÑEZ,M,08/25/1966,ARG,993685672,08/16/1967,+54314199910,FátNUÑ578@correo.com,1,OK,0
 Alejandro ,NIETO,H,02/07/1999,ARG,128416523,05/26/2015,+54508631836, AlNIE722@correo.com,1,OK,0
África,SERRANO,M,06/23/1972,COL,574222273,11/13/1991,+57648787404,ÁfrSER185@correo.com,1,NOK,2
 Martín ,ROMAN,H,11/17/2003,ESP,324392342,09/19/2019,+34762324710, MaROM228@correo.com,1,OK,0
 Luis ,MARTIN,H,06/09/1972,ARG,433667984,02/01/1992,+54927312418, LuMAR626@correo.com,1,OK,0
Dalia,RODRIGUEZ,M,06/02/1969,ARG,101962836,01/18/1988,+54107404432,DalROD562@correo.com,1,NOK,1
Aitana,AGUILAR,M,08/18/1998,ESP,866735845,05/24/2014,+34917765806,AitAGU994@correo.com,1,OK,0
 Omar ,AGUILAR,H,10/02/1981,ARG,543822862,01/13/1995,+54990876097, OmAGU285@correo.com,1,OK,0
 Jaime ,PRIETO,H,11/23/1966,MEX,378822359,07/02/1980,+52758330654, JaPRI739@correo.com,1,NOK,1
Helena,AGUILAR,M,06/28/1981,ARG,748585429,01/23/1996,+54238068781,HelAGU784@correo.com,1,OK,0
 Lucas ,PASTOR,H,12/08/1995,ESP,895902750,02/28/2012,+34250199422, LuPAS277@correo.com,1,NOK,2
 Noah ,AGUILAR,H,07/06/1965,PER,675806824,10/31/1982,+51378992739, NoAGU652@correo.com,1,NOK,1
 Unai ,CRUZ,H,12/27/1968,COL,350315603,06/15/1984,+57166157745, UnCRU208@correo.com,1,NOK,0
 Samuel ,ROJAS,H,05/01/1969,MEX,217227698,07/02/1983,+52913318491, SaROJ650@correo.com,1,NOK,2
 Biel ,CABRERA,H,07/25/1990,ESP,746377900,09/16/2008,+34345293922, BiCAB695@correo.com,1,OK,0
 Pau ,MARTIN,H,02/09/1999,PER,285136513,08/12/1999,+51232246126, PaMAR982@correo.com,1,OK,0
 Cristian ,VICENTE,H,05/08/1980,ARG,556351853,07/11/1990,+54810532496, CrVIC343@correo.com,1,OK,0
 Joel ,LOZANO,H,02/13/1987,ESP,434416331,02/04/1990,+34722456601, JoLOZ529@correo.com,1,NOK,3
 Gonzalo ,VICENTE,H,07/19/1998,ESP,172369828,05/04/2012,+34192506234, GoVIC925@correo.com,1,NOK,0
 Marc ,VICENTE,H,07/29/1979,PER,287087427,08/30/1980,+51937053386, MaVIC616@correo.com,1,NOK,2
 Aitor ,CALVO,H,02/02/1978,PER,405158564,06/13/1992,+51307677410, AiCAL678@correo.com,1,NOK,3
 Gabriel ,MORENO,H,01/03/1994,COL,253863938,01/20/1999,+57233352993, GaMOR227@correo.com,1,NOK,3
 Teo ,PEÑA,H,02/22/1977,MEX,194324413,11/06/1996,+52874138982, TePEÑ163@correo.com,1,OK,0
Anahí,GUTIERREZ,M,04/26/1979,ESP,604436405,02/05/1985,+34385394239,AnaGUT888@correo.com,1,NOK,0
 Marcos ,MENDEZ,H,02/02/2002,COL,715620735,05/22/2013,+57119018317, MaMEN145@correo.com,1,NOK,0
 Héctor ,PASTOR,H,05/02/1971,PER,854967076,09/11/1972,+51960459461, HéPAS641@correo.com,1,OK,0
 Ignacio ,,H,06/23/1987,COL,149107961,10/03/2003,+57481363154, Ig920@correo.com,1,NOK,1
Adara,SANZ,M,06/17/2003,ESP,491995923,12/05/2006,+34853820621,AdaSAN548@correo.com,1,OK,0
 Nicolás ,BRAVO,H,12/01/1962,COL,658786314,02/09/1977,+57729562103, NiBRA228@correo.com,1,NOK,3
Claudia,SANZ,M,06/25/1987,PER,696691576,11/07/2005,+51268519558,ClaSAN328@correo.com,1,NOK,0
 Sergio ,PASCUAL,H,11/21/1977,ARG,548649152,07/24/1987,+54831069023, SePAS411@correo.com,1,OK,0
 Isaac ,ALVAREZ,H,04/27/1965,MEX,396332863,08/05/1972,+52362674680, IsALV533@correo.com,1,OK,0
Lía,MOYA,M,09/08/1992,ARG,686929490,01/05/2008,+54107147436,LíaMOY829@correo.com,1,NOK,0
 Iker ,SAEZ,H,12/09/1977,ESP,107306012,01/28/1984,+34879743583, IkSAE306@correo.com,1,OK,0
Cayetana,JIMENEZ,M,07/24/2002,ESP,391246035,03/18/2021,+34230787436,CayJIM267@correo.com,1,NOK,3
Claudia,ROMERO,M,07/29/1974,ESP,173687476,02/02/1977,+34852348375,ClaROM511@correo.com,1,OK,0
 Jorge ,SANTIAGO,H,03/21/1962,COL,148113502,02/24/1972,+57690468964, JoSAN708@correo.com,1,OK,0
Violeta,SOLER,M,10/23/1966,PER,684612313,12/26/1972,+51863756042,VioSOL707@correo.com,1,OK,0
 Mohamed ,MORENO,H,11/11/1996,ARG,458873998,03/21/2012,+54336517620, MoMOR694@correo.com,1,NOK,0
 Marco ,ROMAN,H,07/26/1996,MEX,315248284,08/07/2006,+52935432910, MaROM308@correo.com,1,OK,0
 Enzo ,VIDAL,H,03/02/1984,MEX,748008384,01/05/1988,+52899424206, EnVID37@correo.com,1,OK,0
 Leo ,RAMIREZ,H,11/09/1978,ESP,772603443,04/02/1979,+34677124025, LeRAM124@correo.com,1,NOK,2
Helia,BENITEZ,M,05/31/1971,COL,682564087,05/03/1989,+57684106927,HelBEN467@correo.com,1,NOK,0
 Iván ,SOLER,H,12/25/1989,ESP,354909449,06/06/2002,+34860604838, IvSOL598@correo.com,1,OK,0
 Pol ,HIDALGO,H,01/11/2000,MEX,770462498,12/26/2014,+52619692988, PoHID601@correo.com,1,NOK,1
 Mauro ,BLANCO,H,11/14/1965,ESP,239718171,03/31/1972,+34569376962, MaBLA147@correo.com,1,NOK,0
Carla,MARQUEZ,M,07/29/1997,COL,601159493,04/06/2002,+57433157816,CarMAR579@correo.com,1,NOK,0
Aroa,ALVAREZ,M,04/07/1971,MEX,434400456,10/22/1980,+52256593837,AroALV167@correo.com,1,OK,0
Magnolia,CAMPOS,M,04/24/1982,ESP,645085889,01/06/1991,+34453845958,MagCAM628@correo.com,1,OK,0
Iris,VIDAL,M,02/23/2003,COL,150626260,11/09/2019,+57592420088,IriVID536@correo.com,1,OK,0
Rosa,ROMERO,M,07/07/1981,COL,162594917,07/11/1983,+57136807811,RosROM154@correo.com,1,NOK,2
Celia,MORA,M,07/25/1989,ESP,166754854,12/22/1998,+34945348788,CelMOR735@correo.com,1,OK,0
 Rubén ,MORALES,H,10/05/1978,PER,340068634,04/27/1986,+51572592283, RuMOR340@correo.com,1,OK,0
 Diego ,MARQUEZ,H,01/26/1977,MEX,535355901,01/03/1986,+52572712062, DiMAR599@correo.com,1,OK,0
Lía,REYES,M,09/24/1985,MEX,984143595,01/03/1999,+52781420045,LíaREY441@correo.com,1,OK,0
Isabel,CALVO,M,09/01/1993,ARG,904916759,04/23/1999,+54830319536,IsaCAL247@correo.com,1,OK,0
Arlet,NAVARRO,M,08/25/1983,MEX,915780372,10/30/1987,+52565756107,ArlNAV792@correo.com,1,NOK,2
 Ismael ,DOMINGUEZ,H,08/28/2001,MEX,454182545,11/13/2006,+52885833897, IsDOM646@correo.com,1,OK,0
 Víctor ,ORTIZ,H,09/09/1964,MEX,341927812,12/14/1969,+52734234414, VíORT75@correo.com,1,OK,0
Margarita,NAVARRO,M,12/01/1970,ARG,396280837,11/27/1977,+54885737231,MarNAV664@correo.com,1,NOK,2
Cristina,GONZALEZ,M,07/18/1976,ESP,754489404,12/17/1994,+34985120611,CriGON910@correo.com,1,NOK,3
 Alonso ,RAMIREZ,H,04/06/1976,PER,775242364,04/11/1983,+51615702191, AlRAM918@correo.com,1,NOK,3
Violeta,MENDEZ,M,08/15/1963,COL,541315142,11/28/1968,+57815411784,VioMEN297@correo.com,1,OK,0
 José ,BENITEZ,H,09/28/1989,COL,760861612,12/27/2008,+57368090872, JoBEN930@correo.com,1,OK,0
 Pedro ,DURAN,H,07/21/1966,MEX,406616270,09/19/1982,+52656552582, PeDUR268@correo.com,1,NOK,1
 Ismael ,CANO,H,02/04/1993,ARG,949743495,11/09/2001,+54326339530, IsCAN307@correo.com,1,OK,0
Perla,FERNANDEZ,M,06/29/2000,ARG,315107005,10/09/2016,+54785229915,PerFER440@correo.com,1,NOK,2
Ainara,ORTIZ,M,05/05/1985,COL,128418343,11/08/1994,+57240829432,AinORT242@correo.com,1,OK,0
 Youssef ,MORENO,H,05/07/1964,ESP,898656379,05/29/1977,+34869584834, YoMOR829@correo.com,1,OK,0
Diana,LOZANO,M,10/16/1994,MEX,321253921,02/15/1996,+52377427119,DiaLOZ715@correo.com,1,NOK,1
Carla,GALLEGO,M,11/19/1993,MEX,995169820,01/26/2002,+52342996018,CarGAL855@correo.com,1,NOK,0
Perla,CRESPO,M,09/12/1982,MEX,218690041,03/27/1983,+52242243285,PerCRE600@correo.com,1,NOK,0
Aroa,HERRERA,M,01/13/1994,PER,268050181,11/19/2013,+51455507533,AroHER455@correo.com,1,OK,0
 Iker ,SANZ,H,06/10/1991,COL,742982974,10/04/2001,+57237106753, IkSAN32@correo.com,1,NOK,3
Abril,CRESPO,M,03/13/1968,ARG,827635040,05/20/1981,+54280002281,AbrCRE663@correo.com,1,NOK,3
Oriane,DELGADO,M,09/16/1969,MEX,327441639,01/30/1972,+52935009310,OriDEL218@correo.com,1,NOK,1
 Alejandro ,VICENTE,H,01/19/1965,ARG,937513685,10/29/1965,+54747254367, AlVIC747@correo.com,1,OK,0
 Samuel ,BLANCO,H,02/05/1998,ARG,718720826,07/01/1998,+54357110584, SaBLA795@correo.com,1,OK,0
Laura,DURAN,M,12/29/1964,MEX,940010712,08/23/1984,+52284607065,LauDUR235@correo.com,1,OK,0
Anahí,CAMPOS,M,01/17/1988,ESP,976500291,11/23/2001,+34954764659,AnaCAM202@correo.com,1,OK,0
Edelweiss,ORTIZ,M,03/09/1993,MEX,287413571,07/08/1997,+52993024465,EdeORT801@correo.com,1,OK,0
Isabella,MOYA,M,01/31/1985,ESP,567564643,05/23/1990,+34281375610,IsaMOY719@correo.com,1,NOK,3
Aitana,MOYA,M,09/12/1988,COL,591553155,04/30/1996,+57829951686,AitMOY371@correo.com,1,OK,0
 Aleix ,,H,03/17/1966,ESP,343692152,05/05/1985,+34216994138, Al644@correo.com,1,OK,0
Daniela,ORTIZ,M,03/01/1978,ESP,506329448,03/28/1985,+34615260416,DanORT720@correo.com,1,OK,0
 Martín ,SOTO,H,04/03/1993,COL,554023874,06/25/1996,+57239708667, MaSOT528@correo.com,1,NOK,2
 Gabriel ,RUBIO,H,04/30/1996,MEX,709472013,08/23/2004,+52792815207, GaRUB95@correo.com,1,OK,0
 Jaime ,TORRES,H,03/27/1982,PER,576051435,08/25/1991,+51258480773, JaTOR513@correo.com,1,NOK,2
 Leonardo ,GARCIA,H,04/02/1982,ARG,904132793,02/07/1995,+54973322807, LeGAR730@correo.com,1,OK,0
 Sergio ,GIMENEZ,H,11/14/1968,MEX,975243662,06/06/1988,+52531741766, SeGIM292@correo.com,1,OK,0
 Youssef ,HERRERO,H,12/12/1984,PER,250849949,06/07/1993,+51810118326, YoHER72@correo.com,1,OK,0
Hugo ,MARTIN,H,05/20/1977,ARG,334934995,02/15/1987,+54975330193,HugMAR803@correo.com,1,NOK,1
Bronte,BRAVO,M,07/11/1969,COL,380925863,09/01/1978,+57822593889,BroBRA878@correo.com,1,OK,0
Edelweiss,MARTIN,M,10/09/1973,MEX,755501750,03/14/1977,+52907004435,EdeMAR507@correo.com,1,OK,0
 Oliver ,MARTIN,H,11/19/1972,MEX,462751467,03/27/1980,+52107813385, OlMAR175@correo.com,1,NOK,0
Gabriela,DURAN,M,03/19/1997,COL,886661411,08/14/2009,+57899331591,GabDUR361@correo.com,1,OK,0
,DOMINGUEZ,H,07/22/1987,ARG,860956683,06/07/1999,+54319571575,DOM969@correo.com,1,OK,0
 Isaac ,HERRERO,H,04/03/2002,PER,276380795,10/08/2011,+51205489535, IsHER380@correo.com,1,NOK,1
Tempestad,PARRA,M,02/27/1971,ESP,889634061,04/25/1972,+34920798667,TemPAR189@correo.com,1,NOK,3
Oriane,ROMAN,M,10/03/1982,MEX,719037011,11/18/1988,+52686557842,OriROM1@correo.com,1,OK,0
Elsa,RAMOS,M,04/05/1976,ESP,226167880,08/22/1983,+34348228674,ElsRAM890@correo.com,1,NOK,0
 Youssef ,ROMERO,H,03/07/1994,MEX,628667498,10/04/2003,+52774748483, YoROM653@correo.com,1,OK,0
Ainara,PRIETO,M,05/14/2003,ESP,171585848,03/07/2014,+34344295497,AinPRI326@correo.com,1,OK,0
 Joel ,RUBIO,H,07/17/1989,PER,357062615,07/31/2008,+51789321765, JoRUB249@correo.com,1,OK,0
Iria,DIEZ,M,07/30/1977,PER,597706762,09/21/1985,+51767678059,IriDIE625@correo.com,1,NOK,1
,CARMONA,H,02/24/1985,ESP,441538221,11/27/2003,+34113783099,CAR670@correo.com,1,NOK,2
Ana,REYES,M,03/27/1970,COL,796816922,08/05/1972,+57474408065,AnaREY483@correo.com,1,NOK,1
 Teo ,PEREZ,H,06/10/1998,COL,645920872,12/28/2006,+57433479033, TePER389@correo.com,1,NOK,2
 Fernando ,RODRIGUEZ,H,03/25/1968,MEX,180849369,05/28/1985,+52378600500, FeROD680@correo.com,1,NOK,0
 Martín ,CARRASCO,H,10/16/1968,PER,130996586,06/03/1983,+51958732404, MaCAR674@correo.com,1,OK,0
Abril,SANTANA,M,01/07/1999,COL,555098614,04/22/2014,+57962627841,AbrSAN930@correo.com,1,OK,0
Lía,MEDINA,M,04/18/1973,MEX,870153690,05/31/1977,+52782795184,LíaMED614@correo.com,1,OK,0
 Eric ,MORENO,H,04/28/1968,ESP,159508008,06/27/1975,+34630672257, ErMOR474@correo.com,1,NOK,2
 Julen ,CASTRO,H,10/22/1993,PER,482364968,02/23/2002,+51422623717, JuCAS75@correo.com,1,OK,0
 Jesús ,HERNANDEZ,H,11/04/2003,ARG,281699281,10/31/2020,+54743499454, JeHER870@correo.com,1,OK,0
Alma,LOPEZ,M,12/03/1982,MEX,917488187,04/08/1989,+52979693308,AlmLOP984@correo.com,1,OK,0
 Rafael ,FERNANDEZ,H,07/12/1981,PER,389553181,04/22/1988,+51247502134, RaFER685@correo.com,1,OK,0
Amaia,SANCHEZ,M,02/03/1987,MEX,813393154,07/21/1989,+52755445974,AmaSAN206@correo.com,1,NOK,0
Inés,SERRANO,M,11/09/2000,MEX,539709339,06/13/2020,+52103887442,InéSER56@correo.com,1,OK,0
 Elías ,PASTOR,H,03/30/1974,MEX,266324885,09/21/1980,+52877500523, ElPAS279@correo.com,1,NOK,2
Lulani,SOLER,M,10/16/2000,COL,742291788,03/18/2008,+57380120101,LulSOL562@correo.com,1,NOK,1
Ángela,CANO,M,11/28/1964,ESP,144106738,09/06/1984,+34116549562,ÁngCAN841@correo.com,1,OK,0
Jana,ORTEGA,M,10/18/1991,ESP,434401020,10/08/1995,+34244700759,JanORT150@correo.com,1,NOK,1
Aitana,JIMENEZ,M,04/17/1987,MEX,529133511,11/27/1987,+52924712758,AitJIM882@correo.com,1,NOK,3
,CABALLERO,M,03/12/1979,PER,594187735,08/23/1986,+51728443786,CAB583@correo.com,1,OK,0
Carla,SERRANO,M,01/12/1963,COL,818182862,03/13/1974,+57933817227,CarSER837@correo.com,1,NOK,0
Oriane,ROMERO,M,12/18/1980,COL,365138764,07/28/1981,+57463338738,OriROM476@correo.com,1,NOK,2
 Eric ,MARTINEZ,H,12/18/1986,ARG,410424909,10/28/1992,+54927723177, ErMAR258@correo.com,1,OK,0
 Samuel ,ROMAN,H,01/04/1981,MEX,935314491,08/14/1983,+52553687517, SaROM596@correo.com,1,NOK,3
 Marc ,ROMERO,H,11/19/1965,ARG,163418772,01/23/1967,+54414425361, MaROM551@correo.com,1,NOK,1
 Aarón ,ARIAS,H,02/06/1962,PER,761967214,03/07/1973,+51379738822, AaARI942@correo.com,1,OK,0
 Luka ,MOLINA,H,08/06/1998,ESP,992877699,07/06/2013,+34689812788, LuMOL30@correo.com,1,OK,0
 Alejandro ,GUERRERO,H,08/20/2001,MEX,539902143,01/14/2014,+52665715545, AlGUE393@correo.com,1,OK,0
Andrea,PASTOR,M,07/14/1963,COL,830183529,02/04/1982,+57249772180,AndPAS252@correo.com,1,NOK,2
Gala,DIAZ,M,06/02/1998,ARG,267163940,09/08/2010,+54420290645,GalDIA428@correo.com,1,NOK,3
 Manuel,ROJAS,H,10/27/1970,COL,123077543,10/03/1971,+57779585904, MaROJ327@correo.com,1,OK,0
 Daniel ,VEGA,H,05/14/1967,MEX,428138316,10/04/1978,+52777340730, DaVEG555@correo.com,1,OK,0
Oriane,MEDINA,M,03/23/1964,MEX,632968939,05/08/1978,+52613829060,OriMED864@correo.com,1,NOK,0
Irene,FERNANDEZ,M,09/26/1968,ARG,470717510,03/25/1973,+54579520455,IreFER833@correo.com,1,NOK,0
Margarita,ROMAN,M,07/20/1997,ARG,702166627,12/06/2011,+54103852728,MarROM204@correo.com,1,OK,0
Elia,PRIETO,M,11/03/1979,ARG,392827844,03/13/1988,+54908576250,EliPRI665@correo.com,1,NOK,0
Kalindi,VICENTE,M,07/28/1978,PER,751757497,02/24/1990,+51728552102,KalVIC69@correo.com,1,NOK,2
Salana,GONZALEZ,M,04/24/1992,COL,696806807,07/21/1996,+57316371350,SalGON67@correo.com,1,NOK,2
 Leo ,DOMINGUEZ,H,09/12/1968,PER,817525762,02/18/1981,+51820922136, LeDOM5@correo.com,1,NOK,1
Ángela,SAEZ,M,08/20/1991,MEX,437229284,04/12/1996,+52396999320,ÁngSAE771@correo.com,1,NOK,2
 Pablo ,CANO,H,11/19/1972,ESP,800786164,01/09/1977,+34841327884, PaCAN487@correo.com,1,NOK,3
 Marc ,ROJAS,H,05/28/2001,MEX,388470301,12/30/2001,+52485586921, MaROJ51@correo.com,1,NOK,0
Chlóe,CARMONA,M,05/12/1999,PER,686866066,02/17/2007,+51722856455,ChlCAR998@correo.com,1,OK,0
Berta,SOLER,M,08/09/1965,MEX,137328761,08/27/1978,+52461351549,BerSOL374@correo.com,1,OK,0
 Omar ,ROMAN,H,03/22/1981,COL,509792061,06/01/1991,+57416412482, OmROM850@correo.com,1,NOK,1
 Santiago ,CORTES,H,04/12/1997,ARG,753864907,02/13/2016,+54761684839, SaCOR707@correo.com,1,OK,0
Makani,DIEZ,M,11/05/1983,ARG,424326555,03/29/1993,+54682468506,MakDIE38@correo.com,1,OK,0
Elena,GALLARDO,M,10/05/1997,ARG,946131431,07/01/2005,+54595446862,EleGAL309@correo.com,1,OK,0
Violeta,PARRA,M,05/24/1990,PER,926580132,05/08/1997,+51698706580,VioPAR693@correo.com,1,NOK,3
Mahra,SANZ,M,01/31/1979,ARG,934525076,09/26/1998,+54862606033,MahSAN458@correo.com,1,NOK,0
Chlóe,NIETO,M,04/24/1977,COL,497469547,12/04/1989,+57639281606,ChlNIE279@correo.com,1,NOK,1
 Mauro ,CABALLERO,H,01/24/1991,MEX,169877322,08/12/2006,+52498351270, MaCAB263@correo.com,1,NOK,0
 Youssef ,ROMERO,H,08/07/1964,ESP,933062070,09/16/1965,+34757979301, YoROM579@correo.com,1,NOK,2
 Gabriel ,VAZQUEZ,H,12/28/1962,ESP,988863259,02/09/1965,+34664459940, GaVAZ643@correo.com,1,NOK,3
Alicia,GALLEGO,M,01/19/1989,PER,773286813,03/30/2000,+51808992697,AliGAL693@correo.com,1,NOK,0
Helia,MEDINA,M,10/14/1977,COL,296324702,05/22/1981,+57109267372,HelMED466@correo.com,1,OK,0
Aluvión,FERNANDEZ,M,01/23/1970,COL,835340700,03/06/1989,+57570273193,AluFER154@correo.com,1,OK,0
 Alejandro ,PEREZ,H,04/14/1961,COL,744429786,02/17/1980,+57716413701, AlPER72@correo.com,1,NOK,3
Saori,ARIAS,M,01/16/2000,MEX,834099731,04/26/2002,+52989290447,SaoARI399@correo.com,1,NOK,2
 Jan ,BLANCO,H,01/05/1972,COL,151895044,07/08/1983,+57563650589, JaBLA857@correo.com,1,OK,0
 Liam ,MORENO,H,06/10/1964,PER,668742307,10/30/1972,+51651153232, LiMOR7@correo.com,1,OK,0
 Jorge ,ARIAS,H,08/12/1978,PER,112875582,06/25/1984,+51621165808, JoARI7@correo.com,1,OK,0
Alicia,FERNANDEZ,M,01/08/1990,PER,169910264,11/29/2003,+51848451220,AliFER813@correo.com,1,OK,0
 Aleix ,MARQUEZ,H,05/12/1975,PER,385927149,09/02/1975,+51518923381, AlMAR669@correo.com,1,NOK,0
 Elías ,CRESPO,H,06/03/1978,COL,847675609,07/28/1996,+57907713747, ElCRE584@correo.com,1,NOK,0
Violeta,CALVO,M,06/06/1991,PER,335054187,02/04/2002,+51970955404,VioCAL448@correo.com,1,NOK,0
Helena,LOPEZ,M,01/26/2000,MEX,915171762,09/08/2015,+52625425572,HelLOP794@correo.com,1,OK,0
 Ismael ,VEGA,H,12/10/1994,MEX,561873230,05/24/2002,+52298131116, IsVEG70@correo.com,1,OK,0
 Jaime ,VARGAS,H,11/18/1986,ARG,810698349,07/17/2005,+54381322785, JaVAR638@correo.com,1,NOK,1
Talía,CARRASCO,M,02/28/1988,ARG,941866151,04/11/1998,+54639950248,TalCAR71@correo.com,1,NOK,2
Aluvión,IBAÑEZ,M,11/13/1993,PER,854389061,11/11/2003,+51368326526,AluIBA573@correo.com,1,NOK,2
Alejandra,SANCHEZ,M,06/06/1990,ESP,492432605,07/21/2008,+34483827473,AleSAN343@correo.com,1,OK,0
Isabel,ROMERO,M,10/22/1992,MEX,693403679,12/13/1996,+52656631973,IsaROM261@correo.com,1,NOK,3
Adara,MOYA,M,03/05/1984,ARG,235617334,10/02/1992,+54253808052,AdaMOY736@correo.com,1,NOK,2
 Rayan ,ROMERO,H,08/27/2002,ESP,884513710,08/19/2006,+34581169025, RaROM835@correo.com,1,NOK,2
Eva,CARRASCO,M,07/12/1986,ARG,419306119,12/10/1998,+54292980873,EvaCAR529@correo.com,1,OK,0
 Youssef ,CRESPO,H,06/23/1965,ARG,502559360,11/24/1966,+54808427082, YoCRE837@correo.com,1,NOK,2
Ángela,MONTERO,M,07/31/2001,PER,696257880,01/22/2012,+51154252189,ÁngMON453@correo.com,1,OK,0
 Luka ,CRUZ,H,03/23/1961,MEX,200421679,11/29/1963,+52736469880, LuCRU238@correo.com,1,NOK,2
 Marc ,MARTINEZ,H,07/27/1988,PER,106443452,01/13/2004,+51577975372, MaMAR546@correo.com,1,NOK,3
 Elías ,MOYA,H,04/09/1968,COL,721366672,04/14/1971,+57414702500, ElMOY453@correo.com,1,NOK,0
 Manuel,MARTIN,H,04/09/1977,ARG,617500823,11/02/1981,+54110449817, MaMAR805@correo.com,1,OK,0
 Carlos ,DIEZ,H,06/09/1989,MEX,339743370,03/19/1992,+52214626760, CaDIE286@correo.com,1,OK,0
 Rafael ,MORENO,H,12/12/1982,MEX,987601166,07/16/1986,+52459356459, RaMOR570@correo.com,1,NOK,3
 Leonardo ,PEREZ,H,01/08/1981,PER,537760902,10/05/2000,+51103144120, LePER67@correo.com,1,NOK,1
Irene,NAVARRO,M,09/23/1984,ARG,607620185,10/06/1999,+54376900205,IreNAV579@correo.com,1,OK,0
 Ian ,RAMOS,H,07/07/1978,MEX,431993708,06/22/1979,+52611236613, IaRAM242@correo.com,1,NOK,1
Alma,GALLEGO,M,10/14/1998,ARG,626073116,05/31/2016,+54249047747,AlmGAL129@correo.com,1,NOK,1
Oriane,SANTOS,M,09/01/1998,COL,924360798,12/29/2005,+57137176165,OriSAN593@correo.com,1,NOK,2
Celia,HERNANDEZ,M,04/25/1992,ARG,916395267,01/02/1993,+54764981249,CelHER497@correo.com,1,OK,0
Leyre,GARCIA,M,08/20/1961,COL,418928345,11/02/1971,+57878773314,LeyGAR606@correo.com,1,OK,0
 Enzo ,,H,11/01/1989,COL,564205824,08/23/1992,+57607761377, En819@correo.com,1,NOK,3
Brena,FERNANDEZ,M,11/03/1963,ARG,117664069,11/24/1972,+54141067500,BreFER273@correo.com,1,OK,0
Alma,GALLARDO,M,03/25/2001,COL,615099148,07/17/2010,+57106388174,AlmGAL74@correo.com,1,OK,0
 Aleix ,PRIETO,H,09/15/1997,PER,261593281,01/27/2000,+51590133445, AlPRI490@correo.com,1,OK,0
 Mateo ,BLANCO,H,08/26/1969,ARG,146393816,12/24/1977,+54676521219, MaBLA798@correo.com,1,OK,0
Irene,FERRER,M,06/12/1975,COL,104244785,01/23/1984,+57627256873,IreFER109@correo.com,1,OK,0
 Enzo ,CASTRO,H,08/30/1987,PER,265650359,04/16/1991,+51197509007, EnCAS697@correo.com,1,NOK,0
Clara,DIAZ,M,05/20/1992,PER,636613101,12/03/2005,+51934445671,ClaDIA656@correo.com,1,NOK,0
 Pol ,ARIAS,H,07/06/1975,ARG,876773013,03/20/1988,+54883199638, PoARI301@correo.com,1,NOK,3
India,SANZ,M,06/29/1984,PER,694161460,08/13/1988,+51652905523,IndSAN309@correo.com,1,OK,0
Celia,NIETO,M,11/22/1964,MEX,786018990,10/13/1981,+52705219726,CelNIE546@correo.com,1,NOK,1
Alicia,MUÑOZ,M,04/28/1988,PER,378655793,09/11/1990,+51395309471,AliMUÑ782@correo.com,1,NOK,0
Oriane,MOYA,M,06/10/1968,MEX,222943173,03/22/1970,+52651871451,OriMOY175@correo.com,1,OK,0
 Nicolás ,SOTO,H,01/11/1970,COL,948224347,04/05/1987,+57487928659, NiSOT952@correo.com,1,OK,0
Arlet,VICENTE,M,06/24/2003,PER,340713625,04/07/2012,+51253873270,ArlVIC435@correo.com,1,NOK,3
 Luka ,DIEZ,H,05/15/1974,COL,615905246,04/18/1982,+57799156799, LuDIE659@correo.com,1,OK,0
Emma,FERRER,M,09/07/1978,COL,449098309,07/04/1990,+57281647025,EmmFER169@correo.com,1,OK,0
 Mario ,CABRERA,H,07/25/1986,ESP,599510666,11/09/2004,+34699514762, MaCAB641@correo.com,1,NOK,0
Morgana,VEGA,M,07/13/1990,COL,796114608,05/17/1999,+57120918680,MorVEG765@correo.com,1,OK,0
Berta,ARIAS,M,03/02/1988,PER,729641774,03/01/1996,+51165896790,BerARI791@correo.com,1,NOK,3
Helia,MENDEZ,M,03/26/1981,MEX,139538064,12/22/2000,+52466044549,HelMEN730@correo.com,1,OK,0
Andrea,RAMOS,M,04/06/1962,PER,544031935,05/20/1967,+51103005508,AndRAM158@correo.com,1,NOK,1
Violeta,GONZALEZ,M,06/04/1974,COL,337206039,12/23/1986,+57191625739,VioGON850@correo.com,1,NOK,2
 Matías ,SERRANO,H,08/24/1975,ESP,342153704,07/23/1989,+34715537992, MaSER841@correo.com,1,NOK,2
Carmen,RUIZ,M,01/25/1984,MEX,105499204,08/20/2000,+52677044099,CarRUI438@correo.com,1,NOK,0
Morgana,CABRERA,M,10/06/1992,MEX,176676941,08/07/1999,+52675624813,MorCAB907@correo.com,1,NOK,3
 Nil ,GALLEGO,H,12/08/1976,MEX,555157533,10/29/1991,+52187100311, NiGAL141@correo.com,1,NOK,3
 Liam ,JIMENEZ,H,05/27/2000,ESP,154319082,06/29/2016,+34854336201, LiJIM621@correo.com,1,OK,0
Aroa,NIETO,M,10/17/1998,ARG,231654067,03/16/2016,+54793721561,AroNIE53@correo.com,1,OK,0
 David ,RAMOS,H,03/07/1963,PER,138339159,09/13/1977,+51264183380, DaRAM261@correo.com,1,OK,0
Carolina,VICENTE,M,03/24/1975,PER,690708293,01/25/1992,+51612863847,CarVIC271@correo.com,1,NOK,2
Emma,ARIAS,M,03/06/1991,ARG,607505309,11/06/2000,+54875299692,EmmARI99@correo.com,1,OK,0
 Lucas ,PRIETO,H,09/14/1996,PER,325751668,01/18/2000,+51491624413, LuPRI618@correo.com,1,OK,0
 Sergio ,ALONSO,H,06/28/1991,PER,633122885,03/01/1999,+51843890470, SeALO709@correo.com,1,NOK,3
 Marc ,ALVAREZ,H,11/07/1966,MEX,599121623,06/12/1981,+52572982716, MaALV754@correo.com,1,NOK,0
Zuzani,GIMENEZ,M,02/05/1964,PER,556680260,09/10/1967,+51700371023,ZuzGIM547@correo.com,1,NOK,3
 Miguel ,VICENTE,H,11/30/1984,ARG,111453921,12/05/1993,+54724959332, MiVIC598@correo.com,1,OK,0
 Unai ,VICENTE,H,05/03/2003,ESP,463026999,08/11/2015,+34432551170, UnVIC753@correo.com,1,NOK,1
 Biel ,CARRASCO,H,11/10/1975,PER,292229509,02/13/1986,+51818849605, BiCAR796@correo.com,1,NOK,1
 Sergio ,MENDEZ,H,03/22/1977,ARG,310109588,04/09/1996,+54317785183, SeMEN207@correo.com,1,OK,0
África,ORTEGA,M,07/18/1995,PER,461942954,05/29/2005,+51746648282,ÁfrORT406@correo.com,1,OK,0
 Andrés ,GALLARDO,H,12/27/1972,ESP,679062975,11/14/1986,+34744632481, AnGAL362@correo.com,1,NOK,3
 Gabriel ,BENITEZ,H,03/29/1981,ARG,764168012,08/21/1993,+54718797777, GaBEN19@correo.com,1,NOK,1
Hugo ,SANTOS,H,09/22/1983,ARG,594817597,10/11/1995,+54310682178,HugSAN208@correo.com,1,OK,0
Azahara,SANTANA,M,06/12/2001,PER,174216302,04/07/2016,+51589330080,AzaSAN25@correo.com,1,OK,0
 Santiago ,FERRER,H,04/05/1965,COL,942087039,01/21/1981,+57300236712, SaFER450@correo.com,1,NOK,2
Adriana,MONTERO,M,11/18/1976,ESP,381080421,08/12/1996,+34866145399,AdrMON365@correo.com,1,OK,0
Aina,DIEZ,M,08/07/1986,PER,220143082,09/20/1993,+51357115647,AinDIE626@correo.com,1,NOK,3
Azahara,CRESPO,M,12/01/1974,COL,482681997,06/22/1985,+57693787094,AzaCRE469@correo.com,1,OK,0
 Gabriel ,NUÑEZ,H,01/22/1961,PER,995196992,11/25/1971,+51286007835, GaNUÑ175@correo.com,1,NOK,3
Amaia,BENITEZ,M,05/12/1961,COL,970683504,12/23/1971,+57728374380,AmaBEN161@correo.com,1,OK,0
 Marcos ,VAZQUEZ,H,03/01/1983,PER,142642090,10/04/1986,+51738579660, MaVAZ993@correo.com,1,NOK,3
Aitana,NAVARRO,M,03/29/1974,ARG,795129401,12/09/1985,+54383409902,AitNAV645@correo.com,1,NOK,0
 Axel ,PASTOR,H,08/25/1979,ESP,543337230,06/15/1991,+34220320848, AxPAS139@correo.com,1,OK,0
 Dylan ,GUERRERO,H,10/31/1971,ARG,654568001,07/31/1972,+54306449311, DyGUE934@correo.com,1,OK,0
Berta,RIVERA,M,10/15/1978,ARG,731453770,04/13/1981,+54946600805,BerRIV938@correo.com,1,NOK,0
 Oliver ,LOPEZ,H,07/20/1985,ARG,629904026,11/11/2001,+54886703850, OlLOP141@correo.com,1,NOK,3
 Juan ,SAEZ,H,07/07/1995,ARG,490448768,01/28/2010,+54119292609, JuSAE161@correo.com,1,NOK,2
Margarita,DELGADO,M,06/09/2003,MEX,334707480,12/23/2011,+52264824336,MarDEL764@correo.com,1,OK,0
 Pol ,PEÑA,H,06/07/1986,ARG,214750708,05/11/1999,+54723724938, PoPEÑ709@correo.com,1,NOK,0
Azahara,SANCHEZ,M,12/10/1994,ARG,748644247,11/08/2008,+54731175353,AzaSAN629@correo.com,1,OK,0
Irene,SANTANA,M,01/29/1980,PER,147996676,11/24/1994,+51181389991,IreSAN760@correo.com,1,OK,0
 Mauro ,PASCUAL,H,12/26/1969,COL,729186491,04/17/1970,+57998682090, MaPAS565@correo.com,1,NOK,1
Margarita,MORALES,M,03/06/1988,ARG,221677024,05/06/2000,+54352832501,MarMOR528@correo.com,1,OK,0
Diana,CARMONA,M,11/14/1992,ESP,843808042,01/23/2005,+34416486047,DiaCAR950@correo.com,1,NOK,0
Alejandra,PEÑA,M,07/24/1993,COL,422532498,05/03/1999,+57795210774,AlePEÑ46@correo.com,1,NOK,2
 Izan,FERRER,H,02/13/1980,ARG,685065563,11/26/1992,+54830436824, IzFER645@correo.com,1,NOK,1
 Saúl ,SOLER,H,02/24/2000,PER,955702282,08/16/2018,+51687570978, SaSOL690@correo.com,1,OK,0
Bronte,MENDEZ,M,07/20/1985,COL,443654689,01/27/1991,+57813409533,BroMEN596@correo.com,1,OK,0
Isabella,SOLER,M,02/23/1998,ARG,827563242,04/08/2010,+54150315368,IsaSOL317@correo.com,1,OK,0
 Gabriel ,MEDINA,H,09/03/1960,ESP,819338093,02/29/1964,+34777943308, GaMED94@correo.com,1,OK,0
Lara,NAVARRO,M,01/30/1963,ARG,917203782,08/30/1965,+54596614570,LarNAV8@correo.com,1,OK,0
 Youssef ,CANO,H,10/06/1985,MEX,222021061,05/17/1994,+52259607042, YoCAN872@correo.com,1,OK,0
Aitana,HERNANDEZ,M,06/26/1960,PER,329052413,05/08/1980,+51673589733,AitHER864@correo.com,1,OK,0
 Youssef ,PASTOR,H,12/12/1978,COL,630127073,08/18/1993,+57522595776, YoPAS790@correo.com,1,NOK,2
Helena,RUBIO,M,02/12/1971,ESP,303365750,05/30/1983,+34154727928,HelRUB476@correo.com,1,NOK,0
Berta,LEON,M,11/15/1981,PER,181005506,08/24/1994,+51121057816,BerLEO13@correo.com,1,NOK,2
Orquídea,HERRERA,M,11/28/1961,MEX,259361970,03/10/1975,+52750589215,OrqHER20@correo.com,1,OK,0
 Thiago ,ROMERO,H,11/14/1987,PER,556900140,06/04/2005,+51388592930, ThROM294@correo.com,1,OK,0
Hugo ,MENDEZ,H,04/24/1995,ESP,940450249,07/13/2009,+34141363434,HugMEN685@correo.com,1,NOK,2
 Álvaro ,CAMPOS,H,02/03/1974,COL,221122226,12/07/1986,+57829571942, ÁlCAM138@correo.com,1,NOK,3
Zuzani,LORENZO,M,02/14/1980,MEX,978865424,08/22/1987,+52210093185,ZuzLOR253@correo.com,1,NOK,2
 Axel ,,H,11/20/1967,ESP,920667803,10/18/1972,+34354217171, Ax765@correo.com,1,OK,0
Moana,LORENZO,M,02/26/1982,ESP,908630796,07/27/1988,+34239119359,MoaLOR239@correo.com,1,NOK,2
 Marcos ,BENITEZ,H,03/17/1980,COL,894466546,04/24/1980,+57471288247, MaBEN657@correo.com,1,OK,0
 Jesús ,ARIAS,H,04/22/1998,ARG,920721100,11/06/1999,+54438593699, JeARI33@correo.com,1,OK,0
Ainara,SAEZ,M,03/26/1977,PER,492731429,07/08/1983,+51890021885,AinSAE142@correo.com,1,NOK,1
 Noah ,DIAZ,H,07/18/1982,COL,373413607,03/06/2001,+57192368283, NoDIA564@correo.com,1,OK,0
Jana,MEDINA,M,03/15/1998,PER,121772453,08/08/2015,+51654991805,JanMED569@correo.com,1,NOK,3
Carla,REYES,M,06/14/1972,ESP,861066074,06/30/1972,+34713754795,CarREY69@correo.com,1,NOK,1
 Antonio ,SUAREZ,H,11/27/1962,MEX,957480930,11/16/1965,+52397247670, AnSUA730@correo.com,1,NOK,2
 Asier ,CRESPO,H,06/06/1971,PER,704284745,07/04/1978,+51636129448, AsCRE116@correo.com,1,NOK,3
 Francisco ,ARIAS,H,11/26/1965,PER,985086891,05/20/1972,+51424571990, FrARI941@correo.com,1,OK,0
Esen,CABALLERO,M,01/04/1965,PER,443337967,02/19/1982,+51633579065,EseCAB877@correo.com,1,OK,0
 Darío ,HIDALGO,H,02/04/2001,PER,834335503,01/24/2019,+51835633095, DaHID479@correo.com,1,NOK,2
Hugo ,MARTINEZ,H,05/01/1985,ESP,136696510,12/31/1994,+34504432085,HugMAR619@correo.com,1,NOK,0
 Arnau ,MORA,H,10/08/1984,MEX,137205193,10/13/2002,+52825995873, ArMOR65@correo.com,1,NOK,3
Cloe,MORENO,M,06/06/1987,ARG,986752979,12/05/1996,+54979212447,CloMOR538@correo.com,1,OK,0
Leire,,M,04/28/1975,PER,670538179,03/01/1990,+51979444464,Lei846@correo.com,1,OK,0
 Erik ,RUBIO,H,07/29/1974,MEX,105142061,01/03/1976,+52218778709, ErRUB553@correo.com,1,OK,0
Eva,RAMIREZ,M,05/02/1963,PER,966216255,10/04/1968,+51184133820,EvaRAM805@correo.com,1,NOK,0
 Álex ,VELASCO,H,05/22/1972,COL,766552102,03/31/1977,+57710390757, ÁlVEL992@correo.com,1,NOK,3
Alejandra,GARRIDO,M,02/19/1976,PER,996416218,04/29/1983,+51359410630,AleGAR878@correo.com,1,OK,0
 Teo ,DURAN,H,01/31/1976,ARG,499930923,03/20/1992,+54412455560, TeDUR789@correo.com,1,OK,0
Cristina,VIDAL,M,04/08/1984,PER,583185726,10/10/1984,+51173708712,CriVID359@correo.com,1,OK,0
Elia,GARCIA,M,05/17/1963,PER,678793603,11/13/1971,+51207868424,EliGAR207@correo.com,1,NOK,1
Cayetana,FERNANDEZ,M,04/27/1970,ESP,706698024,01/24/1978,+34668500945,CayFER922@correo.com,1,OK,0
 Álvaro ,DIEZ,H,04/11/1993,ESP,971018795,12/01/2002,+34580071985, ÁlDIE532@correo.com,1,NOK,1
,MENDEZ,M,01/31/1982,PER,521602257,05/10/1990,+51859625866,MEN487@correo.com,1,OK,0
 Youssef ,FERNANDEZ,H,04/08/2002,MEX,782758362,04/04/2007,+52550194011, YoFER84@correo.com,1,NOK,2
Azalea,SANCHEZ,M,11/12/1978,ESP,226599077,02/15/1992,+34549151979,AzaSAN226@correo.com,1,NOK,3
Kalindi,LOPEZ,M,11/16/1962,PER,437309636,08/10/1981,+51807298612,KalLOP28@correo.com,1,OK,0
 Bruno ,FUENTES,H,01/17/1986,MEX,873238316,04/06/1998,+52416648712, BrFUE482@correo.com,1,NOK,2
Laia,MOYA,M,01/05/1982,MEX,651522969,02/12/1985,+52767623920,LaiMOY531@correo.com,1,NOK,1
 Álex ,,H,12/22/2003,PER,257184602,01/13/2007,+51384941400, Ál221@correo.com,1,NOK,3
 Gonzalo ,ROJAS,H,02/20/1983,PER,143316037,11/27/1995,+51992051511, GoROJ884@correo.com,1,NOK,1
 Carlos ,HERRERA,H,06/26/1960,ESP,332095234,10/04/1965,+34792577129, CaHER959@correo.com,1,OK,0
Isabel,CRESPO,M,09/13/1998,PER,465517753,03/07/2003,+51640494734,IsaCRE139@correo.com,1,OK,0
Aroa,ROMAN,M,05/16/1967,PER,941890087,09/25/1974,+51487724681,AroROM917@correo.com,1,OK,0
 Francisco ,MORALES,H,12/19/2000,ARG,420179485,12/06/2011,+54258159776, FrMOR421@correo.com,1,NOK,1
 Alonso ,,H,01/13/1990,ARG,568116748,11/03/1999,+54920226648, Al781@correo.com,1,NOK,3
 Antonio ,ROMERO,H,02/02/1971,ARG,915768616,11/24/1980,+54108319409, AnROM849@correo.com,1,OK,0
 Dylan ,BLANCO,H,10/16/1987,MEX,154573371,10/06/1988,+52990955157, DyBLA723@correo.com,1,OK,0
 Víctor ,RIVERA,H,04/19/1993,ESP,734435956,06/25/2006,+34245886872, VíRIV527@correo.com,1,OK,0
Cristina,PEÑA,M,05/07/1980,MEX,895100472,02/26/1981,+52728485551,CriPEÑ71@correo.com,1,OK,0
 Saúl ,MUÑOZ,H,02/19/1983,PER,526395274,02/01/2000,+51896277012, SaMUÑ87@correo.com,1,OK,0
 Izan,SERRANO,H,10/31/1961,ESP,363834403,01/28/1963,+34348268875, IzSER651@correo.com,1,OK,0
 Amir ,PEÑA,H,09/08/1966,MEX,934222195,10/31/1980,+52905762945, AmPEÑ80@correo.com,1,NOK,1
Aroa,PASTOR,M,07/30/1973,COL,246070605,01/24/1985,+57812340885,AroPAS799@correo.com,1,OK,0
 Teo ,SOLER,H,07/31/1967,COL,495744881,05/10/1986,+57309305901, TeSOL154@correo.com,1,OK,0
Ariadna,BRAVO,M,04/01/1963,PER,246253282,03/10/1983,+51251950099,AriBRA793@correo.com,1,NOK,1
Esmeralda,LEON,M,11/12/1978,COL,372858274,05/07/1991,+57948971165,EsmLEO220@correo.com,1,NOK,3
Alicia,LORENZO,M,10/30/1983,MEX,363214551,08/05/1991,+52815827750,AliLOR777@correo.com,1,NOK,0
 Pablo ,MEDINA,H,06/30/2002,MEX,343189152,01/25/2011,+52177666379, PaMED298@correo.com,1,NOK,3
 Imran ,HERRERA,H,03/20/1971,PER,695994119,02/06/1982,+51367247582, ImHER707@correo.com,1,OK,0
Oriane,ORTIZ,M,01/07/1999,MEX,830134616,03/18/2006,+52623999640,OriORT552@correo.com,1,NOK,3
Aurora,BENITEZ,M,09/16/1992,COL,108694417,03/15/2009,+57967904527,AurBEN702@correo.com,1,OK,0
Alejandra,SUAREZ,M,03/12/1985,ESP,672723444,12/06/1998,+34235591408,AleSUA499@correo.com,1,NOK,0
 Alonso ,ALONSO,H,08/22/1976,PER,564826045,04/01/1993,+51596212996, AlALO331@correo.com,1,OK,0
 Jon ,MOYA,H,06/24/1976,ESP,780951605,10/27/1989,+34146291690, JoMOY990@correo.com,1,OK,0
,DIAZ,H,07/15/1971,MEX,936955685,12/18/1986,+52132012216,DIA250@correo.com,1,OK,0
 Fernando ,RUIZ,H,04/16/1973,ARG,957265768,02/08/1993,+54879677441, FeRUI617@correo.com,1,OK,0
 Andrés ,NIETO,H,12/24/1984,MEX,780393581,11/26/1995,+52574674237, AnNIE834@correo.com,1,NOK,1
 Adrián ,HERRERO,H,09/12/2003,ARG,355704416,01/28/2022,+54117155140, AdHER489@correo.com,1,NOK,0
 Jaime ,VICENTE,H,12/13/1964,ARG,516561877,09/15/1974,+54863163675, JaVIC672@correo.com,1,OK,0
Reva,MARIN,M,02/21/1974,COL,162930097,12/25/1983,+57719678509,RevMAR59@correo.com,1,OK,0
Zuzani,GUTIERREZ,M,02/28/1981,ARG,176282609,03/02/1982,+54212688118,ZuzGUT230@correo.com,1,OK,0
Fátima,GUTIERREZ,M,08/30/1977,COL,799578497,09/29/1994,+57342028624,FátGUT835@correo.com,1,NOK,3
 Pau ,MARTIN,H,09/30/1987,ARG,581818353,10/30/2004,+54452670523, PaMAR432@correo.com,1,NOK,3
 Óscar ,REYES,H,07/22/1982,ARG,264044507,10/11/2000,+54296182342, ÓsREY403@correo.com,1,NOK,2
Laia,CALVO,M,07/07/1999,ARG,607855784,05/19/2012,+54928154073,LaiCAL136@correo.com,1,NOK,2
 Rayan ,RAMOS,H,04/24/1966,PER,152986028,11/01/1982,+51449460711, RaRAM481@correo.com,1,NOK,3
 Antonio ,VEGA,H,01/03/1973,MEX,241502388,06/28/1987,+52436326456, AnVEG387@correo.com,1,NOK,3
 Aleix ,DELGADO,H,09/18/1991,COL,524438262,05/28/2000,+57232502462, AlDEL580@correo.com,1,NOK,0
 Rodrigo ,DURAN,H,05/06/1969,MEX,587766935,02/02/1971,+52527931199, RoDUR488@correo.com,1,OK,0
 Samuel ,CABALLERO,H,06/22/1996,MEX,941177948,03/22/1999,+52213078709, SaCAB716@correo.com,1,NOK,2
 Cristian ,BLANCO,H,10/30/1999,MEX,933822909,06/20/2009,+52822732133, CrBLA890@correo.com,1,NOK,1
Laura,MARTIN,M,02/13/1997,MEX,257649188,09/28/2014,+52986428695,LauMAR312@correo.com,1,NOK,1
Isabella,FLORES,M,09/06/1969,PER,136198900,07/04/1981,+51380324474,IsaFLO373@correo.com,1,NOK,2
 Nil ,MUÑOZ,H,11/06/1970,COL,368402200,08/31/1989,+57892046823, NiMUÑ330@correo.com,1,NOK,0
Berta,BRAVO,M,02/25/1984,COL,904268958,02/15/2001,+57660767370,BerBRA797@correo.com,1,OK,0
 Elías ,MORENO,H,12/18/1993,COL,269042857,08/19/2008,+57273660410, ElMOR175@correo.com,1,OK,0
Jora,HERRERA,M,11/11/1975,COL,214536340,07/21/1982,+57353809348,JorHER45@correo.com,1,OK,0
 Ángel ,MARTIN,H,11/04/1980,ARG,658837699,06/03/1991,+54789082227, ÁnMAR328@correo.com,1,NOK,3
Cristina,VELASCO,M,01/21/1982,PER,534450291,12/28/1991,+51531811863,CriVEL862@correo.com,1,OK,0
 Gonzalo ,LORENZO,H,03/26/2002,MEX,438153669,09/09/2005,+52104325603, GoLOR719@correo.com,1,OK,0
Aluvión,FUENTES,M,08/21/1999,ARG,968113325,02/04/2006,+54490996490,AluFUE18@correo.com,1,NOK,2
 Alan ,CRUZ,H,12/01/1991,MEX,923507760,11/27/2008,+52288358206, AlCRU677@correo.com,1,NOK,1
 Jon ,BLANCO,H,12/01/1963,ARG,628167571,04/02/1965,+54256056909, JoBLA385@correo.com,1,NOK,2
 Imran ,MARIN,H,09/11/1984,ARG,873883564,08/29/1987,+54504283393, ImMAR655@correo.com,1,NOK,1
 Noah ,JIMENEZ,H,10/28/1965,ARG,165236002,09/26/1971,+54162712001, NoJIM492@correo.com,1,NOK,2
 Miguel ,SANCHEZ,H,04/27/1997,COL,874783756,02/19/2014,+57198196586, MiSAN489@correo.com,1,NOK,0
Morgana,CRESPO,M,04/25/1972,MEX,297332801,10/13/1982,+52213742087,MorCRE489@correo.com,1,OK,0
 Samuel ,CARRASCO,H,01/27/1994,ARG,122874681,12/26/1996,+54521302219, SaCAR630@correo.com,1,OK,0
 Iker ,VAZQUEZ,H,08/21/1996,ESP,194297473,03/26/2005,+34468217785, IkVAZ687@correo.com,1,NOK,3
Rosa,CRUZ,M,08/05/1999,ARG,914944227,05/02/2019,+54395669415,RosCRU827@correo.com,1,NOK,1
 Youssef ,RIVERA,H,05/06/1995,COL,614550677,04/02/2002,+57428836096, YoRIV688@correo.com,1,NOK,2
 Javier ,VIDAL,H,08/25/1962,PER,820589597,01/01/1979,+51434311918, JaVID218@correo.com,1,OK,0
 Iván ,REYES,H,08/26/1965,ESP,856059759,01/09/1971,+34563222636, IvREY115@correo.com,1,NOK,2
 Cristian ,GOMEZ,H,11/23/1970,ARG,125973173,04/22/1972,+54198245606, CrGOM128@correo.com,1,OK,0
Esen,MARTINEZ,M,02/23/1999,MEX,467459579,11/29/2009,+52248063783,EseMAR209@correo.com,1,OK,0
Cristina,ROJAS,M,01/03/1975,ARG,255860995,05/14/1981,+54268125629,CriROJ668@correo.com,1,OK,0
Azahara,GALLEGO,M,01/25/1987,MEX,942984747,09/17/1999,+52768996235,AzaGAL714@correo.com,1,OK,0
Berta,CAMPOS,M,02/25/1985,ARG,541703181,11/23/2002,+54921448975,BerCAM590@correo.com,1,OK,0
 Biel ,VELASCO,H,02/12/1992,COL,999240383,08/06/2009,+57478149229, BiVEL692@correo.com,1,NOK,0
 Ángel ,MONTERO,H,09/04/1962,ARG,547788004,08/06/1965,+54582637321, ÁnMON582@correo.com,1,NOK,0
 Luis ,FERNANDEZ,H,02/06/1988,ESP,654267240,04/14/1989,+34436608083, LuFER49@correo.com,1,OK,0
Tempestad,BLANCO,M,10/01/1972,ARG,945953470,08/21/1990,+54363140703,TemBLA377@correo.com,1,OK,0
Azahara,REYES,M,09/03/1974,PER,151987304,07/13/1993,+51709783555,AzaREY217@correo.com,1,OK,0
 Noah ,BENITEZ,H,02/12/1967,PER,483800240,01/27/1979,+51447498260, NoBEN106@correo.com,1,OK,0
 Iker ,RUBIO,H,07/17/1973,PER,808061269,07/23/1980,+51663663717, IkRUB361@correo.com,1,NOK,3
Perla,JIMENEZ,M,02/14/1980,MEX,480688829,06/08/1988,+52565704861,PerJIM37@correo.com,1,OK,0
Anahí,DIEZ,M,06/24/2002,MEX,516962900,06/18/2009,+52645288613,AnaDIE394@correo.com,1,OK,0
 Ian ,GIL,H,06/23/1964,PER,308684288,01/01/1974,+51948367307, IaGIL476@correo.com,1,OK,0
Carmen,VELASCO,M,12/04/1988,ARG,470780047,09/28/1989,+54460638902,CarVEL681@correo.com,1,NOK,0
 Ian ,CALVO,H,07/24/1995,COL,186019840,08/28/2009,+57833094168, IaCAL96@correo.com,1,NOK,3
 Noah ,REYES,H,05/26/1983,COL,209640918,05/25/1991,+57344056353, NoREY492@correo.com,1,NOK,2
Andrea,BENITEZ,M,01/26/1985,MEX,566559947,06/13/1995,+52590259377,AndBEN718@correo.com,1,NOK,3
Reva,GARRIDO,M,11/08/1993,MEX,699295307,04/30/2003,+52800695138,RevGAR750@correo.com,1,OK,0
 Luca ,SOTO,H,04/20/1993,ESP,821032176,12/30/2007,+34893131670, LuSOT791@correo.com,1,NOK,2
 Luca ,SANTANA,H,04/22/1979,PER,706479957,10/27/1990,+51223412687, LuSAN605@correo.com,1,NOK,1
Azalea,VICENTE,M,02/16/2001,COL,740340115,03/18/2014,+57145968141,AzaVIC590@correo.com,1,OK,0
 Víctor ,FLORES,H,04/12/1988,ARG,122595338,12/13/1991,+54817759809, VíFLO560@correo.com,1,NOK,2
 Pedro ,DELGADO,H,09/27/1964,ESP,210728607,09/16/1984,+34279002328, PeDEL204@correo.com,1,NOK,1
 Mauro ,GALLEGO,H,08/16/1969,PER,758723174,10/20/1978,+51425204934, MaGAL39@correo.com,1,NOK,0
 Manuel,GONZALEZ,H,01/22/2000,PER,763964940,01/16/2020,+51403048906, MaGON939@correo.com,1,OK,0
 Gabriel ,ROMERO,H,10/23/1988,COL,896754809,01/19/2000,+57815834653, GaROM221@correo.com,1,NOK,0
Julia,ORTEGA,M,10/25/1985,ESP,726314459,02/20/1988,+34142033836,JulORT72@correo.com,1,OK,0
 Martí ,RAMOS,H,01/05/1966,MEX,497726489,03/24/1973,+52346531250, MaRAM11@correo.com,1,OK,0
Leire,CASTRO,M,03/29/1992,PER,471307615,01/04/1999,+51244927712,LeiCAS985@correo.com,1,NOK,1
India,MORENO,M,03/05/1963,COL,574056499,11/18/1975,+57377326313,IndMOR392@correo.com,1,OK,0
Alicia,NIETO,M,07/08/1992,ARG,426596945,12/14/2000,+54700426223,AliNIE9@correo.com,1,NOK,2
 Marco ,BLANCO,H,07/17/1964,PER,701228308,08/21/1967,+51365490451, MaBLA788@correo.com,1,OK,0
 Gonzalo ,RODRIGUEZ,H,03/30/1997,ARG,807043414,10/25/2002,+54262363679, GoROD881@correo.com,1,NOK,1
Ana,MARIN,M,01/02/1996,ESP,905068530,05/11/2015,+34508686503,AnaMAR944@correo.com,1,OK,0
Alicia,RODRIGUEZ,M,02/15/1962,ESP,797871813,10/03/1979,+34917581491,AliROD458@correo.com,1,OK,0
Alicia,SOLER,M,01/21/1988,MEX,766506087,07/17/1993,+52668473249,AliSOL872@correo.com,1,NOK,1
 Sergio ,RAMIREZ,H,07/21/1993,MEX,911383409,09/16/1993,+52345266507, SeRAM187@correo.com,1,NOK,2
Aurora,CABRERA,M,05/20/1999,ESP,543104560,06/22/1999,+34856898668,AurCAB410@correo.com,1,NOK,3
 Gael ,FUENTES,H,06/06/1998,MEX,487434601,06/07/2015,+52752418144, GaFUE590@correo.com,1,OK,0
Carlota,JIMENEZ,M,10/08/1962,ESP,840102691,02/03/1974,+34893958115,CarJIM570@correo.com,1,OK,0
 Aarón ,GALLARDO,H,11/24/1960,PER,140097003,01/12/1969,+51366606810, AaGAL291@correo.com,1,OK,0
 Jon ,GIMENEZ,H,09/03/1974,COL,656527420,03/10/1994,+57526326070, JoGIM704@correo.com,1,NOK,3
 Unai ,GALLEGO,H,05/31/1981,MEX,304261755,07/11/1998,+52470974136, UnGAL23@correo.com,1,NOK,1
Clara,LORENZO,M,08/17/1999,ESP,504162477,06/23/2019,+34593265555,ClaLOR445@correo.com,1,NOK,2
 Dylan ,MORALES,H,01/18/1986,ESP,180800164,05/24/1991,+34821392830, DyMOR143@correo.com,1,OK,0
 Samuel ,BENITEZ,H,06/13/1966,ESP,103015859,08/18/1976,+34583313087, SaBEN687@correo.com,1,NOK,1
 Mohamed ,RUIZ,H,01/10/1965,ESP,605177345,06/26/1983,+34754676107, MoRUI878@correo.com,1,OK,0
Ana,LOPEZ,M,06/25/1973,PER,972051015,02/21/1983,+51361023070,AnaLOP633@correo.com,1,OK,0
Alma,CORTES,M,12/27/1984,PER,873367878,06/09/1991,+51440196772,AlmCOR221@correo.com,1,NOK,3
 Asier ,PASTOR,H,10/01/1974,MEX,609161354,05/21/1981,+52295218726, AsPAS489@correo.com,1,OK,0
 Pedro ,FUENTES,H,07/24/1994,ESP,755026447,03/13/2009,+34499948838, PeFUE494@correo.com,1,NOK,1
Aurora,GUTIERREZ,M,02/07/1969,COL,283042200,09/11/1975,+57731139429,AurGUT970@correo.com,1,OK,0
Ainhoa,MONTERO,M,06/12/1999,PER,394242529,05/02/2013,+51567823392,AinMON604@correo.com,1,NOK,0
 Lucas ,CASTILLO,H,05/13/1987,PER,212930934,01/15/1991,+51157450113, LuCAS14@correo.com,1,OK,0
 Imran ,VELASCO,H,10/25/1960,COL,256931631,01/25/1970,+57227261393, ImVEL585@correo.com,1,OK,0
Azalea,CORTES,M,03/25/1992,ARG,161601689,04/03/2003,+54466564802,AzaCOR639@correo.com,1,OK,0
 Teo ,MONTERO,H,02/07/1970,PER,481257670,01/06/1974,+51180124803, TeMON860@correo.com,1,NOK,1
 Bruno ,MEDINA,H,07/18/1980,ESP,492742797,12/27/1987,+34867850695, BrMED865@correo.com,1,OK,0
 Eric ,MORALES,H,04/03/1960,PER,931034250,07/16/1964,+51854891855, ErMOR149@correo.com,1,NOK,1
Oriane,NUÑEZ,M,05/09/1992,ESP,558022976,12/24/2002,+34714938529,OriNUÑ671@correo.com,1,NOK,2
 Liam ,MORALES,H,02/04/1975,MEX,184528542,10/26/1978,+52592943942, LiMOR730@correo.com,1,NOK,1
 Axel ,MEDINA,H,11/27/1964,PER,734714373,08/11/1984,+51320095620, AxMED811@correo.com,1,OK,0
Emma,LOZANO,M,05/01/1983,ESP,715733588,02/06/2001,+34611235689,EmmLOZ579@correo.com,1,OK,0
 Ángel ,FERNANDEZ,H,04/14/1965,PER,258516432,06/06/1976,+51716317802, ÁnFER114@correo.com,1,OK,0
Adriana,CARRASCO,M,06/10/1981,MEX,766690293,06/24/1995,+52622085839,AdrCAR669@correo.com,1,NOK,2
Alba,IGLESIAS,M,12/24/2001,ESP,501143570,06/26/2008,+34666330800,AlbIGL188@correo.com,1,NOK,0
 Axel ,VICENTE,H,05/23/1993,ESP,545909451,12/10/2005,+34233260065, AxVIC460@correo.com,1,OK,0
 Noah ,FUENTES,H,12/28/1988,MEX,813651190,05/24/1991,+52470698969, NoFUE617@correo.com,1,OK,0
 Rayan ,CABRERA,H,07/16/1976,COL,874076002,09/28/1993,+57603321769, RaCAB434@correo.com,1,OK,0
Carlota,SUAREZ,M,01/26/1983,ARG,941965519,12/17/1986,+54699218579,CarSUA238@correo.com,1,OK,0
 Axel ,RAMOS,H,07/28/1980,ARG,137005808,09/30/1982,+54509086267, AxRAM828@correo.com,1,OK,0
Leyre,CAMPOS,M,11/15/1961,PER,993229649,01/28/1968,+51826296410,LeyCAM25@correo.com,1,NOK,3
Carolina,RAMOS,M,01/12/1969,COL,851949346,10/15/1986,+57977336393,CarRAM278@correo.com,1,NOK,1
 Nil ,SANTANA,H,11/07/1979,COL,911392506,10/03/1996,+57463865449, NiSAN71@correo.com,1,OK,0
 Matías ,GARRIDO,H,03/09/1991,MEX,582413822,05/30/2008,+52732595880, MaGAR235@correo.com,1,NOK,2
Cristina,ALONSO,M,09/14/1960,ESP,928308092,12/31/1970,+34700862428,CriALO338@correo.com,1,OK,0
Helia,FUENTES,M,11/29/1983,COL,769340923,03/13/1986,+57335733655,HelFUE927@correo.com,1,OK,0
Daniela,SANTIAGO,M,11/23/1995,ESP,318904753,11/03/2001,+34426254128,DanSAN893@correo.com,1,NOK,1
 Jesús ,CABRERA,H,06/27/1963,COL,423493206,03/30/1983,+57876455445, JeCAB422@correo.com,1,OK,0
Antonina,GUERRERO,M,01/27/1967,ARG,600581350,04/06/1969,+54342901552,AntGUE894@correo.com,1,OK,0
Iria,GIMENEZ,M,07/30/1984,ARG,596493874,06/22/1985,+54278464205,IriGIM443@correo.com,1,OK,0
 Iván ,RAMIREZ,H,01/22/1968,PER,109279368,11/30/1972,+51609407575, IvRAM45@correo.com,1,OK,0
 Javier ,VARGAS,H,11/11/1961,MEX,625210295,09/22/1977,+52992241401, JaVAR851@correo.com,1,OK,0
 Alonso ,FERRER,H,08/25/1977,MEX,952601874,12/31/1981,+52510141556, AlFER621@correo.com,1,NOK,1
Carlota,CRUZ,M,07/30/2000,ESP,604163440,05/20/2003,+34704329969,CarCRU861@correo.com,1,NOK,2
Emma,ALVAREZ,M,11/05/2000,ESP,743099296,01/10/2002,+34633979013,EmmALV143@correo.com,1,NOK,0
 Arnau ,RAMOS,H,04/19/1995,PER,725496808,01/12/2002,+51447903879, ArRAM61@correo.com,1,NOK,2
Inés,MOYA,M,01/18/1988,MEX,879399651,08/01/1995,+52844044899,InéMOY960@correo.com,1,OK,0
 Martí ,BLANCO,H,12/31/1996,ESP,992400249,03/12/2000,+34229114498, MaBLA273@correo.com,1,NOK,3
Fátima,VAZQUEZ,M,11/28/1971,PER,552967420,06/03/1983,+51627501483,FátVAZ277@correo.com,1,OK,0
Clara,CORTES,M,02/16/1965,ESP,277977787,01/22/1976,+34228707210,ClaCOR451@correo.com,1,OK,0
 Mateo ,PEREZ,H,04/12/1983,ESP,402846127,06/13/1993,+34517024142, MaPER233@correo.com,1,NOK,2
Ainara,MARIN,M,03/30/1984,ARG,242188287,03/02/2002,+54436292151,AinMAR644@correo.com,1,OK,0
 Martín ,GALLARDO,H,02/28/1969,PER,405533642,10/19/1976,+51211779878, MaGAL805@correo.com,1,NOK,3
 Asier ,ROJAS,H,12/01/1995,ESP,971935420,05/08/1998,+34843174588, AsROJ15@correo.com,1,OK,0
Leyre,CALVO,M,03/31/1979,ARG,997952883,09/05/1983,+54112956412,LeyCAL976@correo.com,1,OK,0
 Isaac ,CAMPOS,H,06/03/1986,ARG,141124172,11/12/1988,+54571969019, IsCAM260@correo.com,1,NOK,3
 Antonio ,MORENO,H,05/06/1981,ARG,951422748,06/11/1990,+54295174712, AnMOR476@correo.com,1,NOK,2
Azalea,HERRERO,M,12/18/1965,MEX,113318214,09/01/1973,+52526651160,AzaHER714@correo.com,1,NOK,2
 Jorge ,MORALES,H,04/17/1986,PER,220558163,01/10/1989,+51574922174, JoMOR898@correo.com,1,OK,0
Claudia,GUTIERREZ,M,11/14/1993,COL,614275021,01/29/2012,+57289392321,ClaGUT107@correo.com,1,OK,0
Esen,NAVARRO,M,06/03/1960,COL,966000365,09/16/1969,+57842116507,EseNAV278@correo.com,1,NOK,1
 Cristian ,RAMOS,H,10/18/2001,ESP,506489128,04/02/2008,+34285229728, CrRAM168@correo.com,1,OK,0
Elsa,RAMIREZ,M,07/13/1999,COL,246470432,01/14/2018,+57678291548,ElsRAM694@correo.com,1,OK,0
Azahara,TORRES,M,12/04/1988,MEX,872469387,01/21/1998,+52512315293,AzaTOR658@correo.com,1,OK,0
Alizeh,HERRERA,M,11/19/1979,MEX,253463609,09/20/1991,+52973982918,AliHER731@correo.com,1,NOK,3
 Marcos ,CASTILLO,H,06/11/1993,ESP,825561161,01/27/2009,+34393173939, MaCAS438@correo.com,1,NOK,1
 Axel ,ROMERO,H,08/23/1972,ARG,721599081,09/27/1982,+54423109258, AxROM439@correo.com,1,NOK,0
 Darío ,GUERRERO,H,05/26/1995,ESP,434294481,03/04/1999,+34561567290, DaGUE93@correo.com,1,NOK,2
Carmen,ORTEGA,M,01/24/1960,ARG,489338150,10/19/1967,+54161779910,CarORT893@correo.com,1,NOK,1
Aurora,RIVERA,M,10/17/2001,PER,289645613,04/10/2002,+51409110553,AurRIV667@correo.com,1,NOK,2
Lulani,DIEZ,M,04/20/1960,MEX,197694928,10/04/1969,+52906368559,LulDIE490@correo.com,1,NOK,1
 Álvaro ,SERRANO,H,04/01/1987,MEX,394892597,01/07/2000,+52632617293, ÁlSER363@correo.com,1,OK,0
Zuzani,BRAVO,M,08/31/1976,PER,889031282,01/10/1985,+51542194273,ZuzBRA52@correo.com,1,OK,0
Rosa,DELGADO,M,06/05/1988,ESP,706745119,01/25/1989,+34513797695,RosDEL694@correo.com,1,OK,0
 Miguel ,PASTOR,H,05/05/1978,ESP,814638336,02/26/1993,+34820523559, MiPAS494@correo.com,1,NOK,3
Ángela,GARCIA,M,08/15/1970,ARG,885742075,05/12/1989,+54281757142,ÁngGAR352@correo.com,1,NOK,0
India,SOTO,M,10/29/1961,COL,180378788,10/31/1967,+57311934831,IndSOT553@correo.com,1,OK,0
Adara,HERRERA,M,05/09/1986,MEX,195256553,08/20/1994,+52964271404,AdaHER303@correo.com,1,OK,0
Aurora,GALLARDO,M,12/30/1981,PER,899684594,07/07/1986,+51405195612,AurGAL969@correo.com,1,NOK,3
 Axel ,DURAN,H,09/08/1997,ARG,129873002,02/25/2011,+54165052757, AxDUR335@correo.com,1,NOK,1
Chlóe,CALVO,M,10/17/1964,COL,659312501,10/14/1978,+57728767086,ChlCAL451@correo.com,1,OK,0
Blanca,NAVARRO,M,09/16/1982,COL,188968915,08/02/1986,+57703377679,BlaNAV437@correo.com,1,NOK,2
 Teo ,ROMAN,H,04/14/1986,COL,118684765,09/14/2005,+57329549081, TeROM518@correo.com,1,NOK,0
Alizeh,PARRA,M,10/01/1990,ESP,352554636,07/28/1996,+34674911099,AliPAR565@correo.com,1,OK,0
 Óscar ,RODRIGUEZ,H,03/15/1991,ARG,407999373,04/01/2003,+54418054773, ÓsROD576@correo.com,1,OK,0
 Adrián ,VARGAS,H,05/15/1994,COL,135333488,10/23/2001,+57879629250, AdVAR829@correo.com,1,OK,0
Leyre,RUBIO,M,12/13/1972,ESP,820005495,01/07/1978,+34722152910,LeyRUB210@correo.com,1,NOK,3
 Antonio ,MONTERO,H,06/06/1969,PER,664533678,06/02/1984,+51797593431, AnMON490@correo.com,1,NOK,0
Lara,FERNANDEZ,M,06/03/1990,COL,224970938,06/02/1999,+57375668143,LarFER405@correo.com,1,NOK,2
 Bruno ,BRAVO,H,12/13/1982,PER,211688364,07/16/1995,+51282961888, BrBRA374@correo.com,1,OK,0
Elsa,DOMINGUEZ,M,02/14/2000,MEX,252810504,09/22/2013,+52624474614,ElsDOM338@correo.com,1,NOK,1
Aluvión,DIAZ,M,01/09/1981,ESP,308836014,06/17/1993,+34882363782,AluDIA993@correo.com,1,OK,0
 Alejandro ,ALVAREZ,H,06/18/1977,ESP,942840746,05/01/1985,+34896574056, AlALV573@correo.com,1,OK,0
 Ian ,MUÑOZ,H,08/04/1969,ARG,185083577,04/30/1970,+54538115149, IaMUÑ104@correo.com,1,NOK,1
Claudia,REYES,M,04/26/1992,PER,340889428,10/05/1995,+51125000442,ClaREY166@correo.com,1,NOK,2
Laura,ALVAREZ,M,06/25/1972,COL,216811894,09/28/1975,+57874939862,LauALV216@correo.com,1,NOK,2
Jimena,GALLEGO,M,10/15/1995,MEX,534946935,04/14/2009,+52500862343,JimGAL90@correo.com,1,NOK,2
Berta,HERNANDEZ,M,06/14/2001,ESP,637788051,01/19/2013,+34252134202,BerHER417@correo.com,1,OK,0
 Iker ,GARRIDO,H,10/30/1970,PER,418477686,04/10/1983,+51964022057, IkGAR141@correo.com,1,NOK,2
 Elías ,MORENO,H,02/04/1970,PER,759584049,08/01/1983,+51184205822, ElMOR267@correo.com,1,OK,0
Dalia,SOLER,M,10/06/1975,MEX,590276205,05/28/1992,+52423149297,DalSOL328@correo.com,1,OK,0
 Rafael ,CRUZ,H,07/27/1999,PER,151707246,04/14/2009,+51619801119, RaCRU449@correo.com,1,NOK,3
 Dylan ,RAMIREZ,H,02/02/1966,ARG,401903706,08/07/1971,+54570321102, DyRAM752@correo.com,1,NOK,3
Isabel,SOTO,M,05/11/1993,PER,622080257,06/14/2012,+51790939937,IsaSOT519@correo.com,1,NOK,3
 Martí ,CARRASCO,H,02/25/1970,ESP,937403172,03/08/1970,+34345725932, MaCAR106@correo.com,1,NOK,1
 Lucas ,CRESPO,H,08/24/1961,COL,921678346,10/25/1978,+57703552455, LuCRE723@correo.com,1,OK,0
Iria,MENDEZ,M,09/18/1974,MEX,208829524,09/05/1983,+52858682146,IriMEN782@correo.com,1,OK,0
 Pol ,HERRERA,H,09/15/1962,ARG,380223635,12/20/1975,+54599820150, PoHER348@correo.com,1,NOK,0
 Rubén ,ROMAN,H,09/29/1979,MEX,638038114,03/03/1988,+52506391090, RuROM387@correo.com,1,OK,0
 Álex ,HERRERO,H,03/07/1979,COL,205595313,02/21/1997,+57277533400, ÁlHER699@correo.com,1,NOK,0
Margarita,ARIAS,M,04/30/1962,COL,801721136,12/01/1971,+57762743617,MarARI752@correo.com,1,OK,0
 Alberto ,HIDALGO,H,11/22/1965,ARG,819274719,01/03/1977,+54821521697, AlHID385@correo.com,1,OK,0
 Álex ,MOYA,H,07/26/1994,PER,233286267,11/09/2009,+51374859087, ÁlMOY109@correo.com,1,OK,0
 Liam ,CRESPO,H,07/17/2001,MEX,458075978,05/26/2004,+52199541384, LiCRE452@correo.com,1,OK,0
,NAVARRO,M,09/24/1970,PER,352046845,09/08/1990,+51820495368,NAV952@correo.com,1,NOK,1
África,FERNANDEZ,M,02/10/1974,ARG,722233809,07/15/1984,+54807956832,ÁfrFER978@correo.com,1,NOK,3
Laura,HIDALGO,M,10/02/1981,ARG,345183854,05/13/1988,+54371396592,LauHID971@correo.com,1,OK,0
Lía,,M,01/04/1998,MEX,814540282,05/15/1999,+52772095734,Lía414@correo.com,1,NOK,2
 Ángel ,LORENZO,H,03/24/1979,COL,830939442,12/27/1991,+57962490466, ÁnLOR740@correo.com,1,NOK,1
Dalia,TORRES,M,09/26/1998,MEX,650771318,10/24/2000,+52587474229,DalTOR614@correo.com,1,NOK,2
Otoño,DIEZ,M,06/25/1994,COL,271856150,01/05/1995,+57150003330,OtoDIE385@correo.com,1,OK,0
Inés,VARGAS,M,02/11/1972,MEX,420467892,09/23/1984,+52292606395,InéVAR603@correo.com,1,OK,0
Mahra,ORTEGA,M,11/09/1987,PER,319674650,10/22/1989,+51228829807,MahORT347@correo.com,1,NOK,0
Alizeh,BLANCO,M,07/10/1988,MEX,629155083,01/12/1993,+52316816197,AliBLA744@correo.com,1,NOK,3
Claudia,MOYA,M,02/19/1984,PER,382405916,03/31/1985,+51498887727,ClaMOY875@correo.com,1,OK,0
Berta,MORENO,M,09/24/1980,ARG,787393240,04/08/1992,+54589656327,BerMOR897@correo.com,1,OK,0
 Ignacio ,MOYA,H,05/21/1981,ARG,431293405,05/12/1988,+54546972055, IgMOY347@correo.com,1,NOK,2
 Iker ,HERNANDEZ,H,05/28/1968,ARG,406146201,03/09/1986,+54986513773, IkHER40@correo.com,1,NOK,2
 Jon ,CORTES,H,11/25/1964,MEX,668394791,11/07/1968,+52346703903, JoCOR922@correo.com,1,OK,0
 Luis ,MORALES,H,10/09/1978,COL,693078402,10/25/1987,+57976043164, LuMOR322@correo.com,1,NOK,3
Adara,FERRER,M,02/18/1997,PER,132622931,05/13/2014,+51959277824,AdaFER791@correo.com,1,NOK,2
Mahra,SOLER,M,10/30/1996,ARG,393867435,10/26/2011,+54283418094,MahSOL924@correo.com,1,OK,0
Eva,MONTERO,M,04/27/1998,PER,718647405,09/12/2008,+51755402674,EvaMON460@correo.com,1,OK,0
Helia,ORTIZ,M,02/05/1967,ESP,472240781,05/29/1983,+34901440074,HelORT300@correo.com,1,OK,0
Makani,IBAÑEZ,M,03/17/1999,ARG,510814553,03/09/2014,+54827775589,MakIBA53@correo.com,1,OK,0
 Álex ,ORTEGA,H,10/22/1989,MEX,256520057,03/22/1995,+52963637618, ÁlORT973@correo.com,1,NOK,0
Otoño,LORENZO,M,01/16/1977,ARG,238012000,10/08/1982,+54106115089,OtoLOR68@correo.com,1,OK,0
Chlóe,MOYA,M,05/31/1999,MEX,356575803,10/31/2010,+52426335627,ChlMOY52@correo.com,1,OK,0
Laura,MORALES,M,06/19/1997,ESP,812425438,09/25/2010,+34849694914,LauMOR657@correo.com,1,NOK,2
Saori,CASTRO,M,01/06/1986,PER,451409114,02/21/1990,+51653307124,SaoCAS560@correo.com,1,NOK,1
Laia,ARIAS,M,04/30/1998,COL,969464905,08/28/2013,+57748174350,LaiARI434@correo.com,1,OK,0
Leyre,SOLER,M,05/24/2002,ESP,127587101,03/13/2009,+34160463537,LeySOL146@correo.com,1,OK,0
 Liam ,SAEZ,H,06/06/1981,PER,554362965,09/11/2000,+51806752594, LiSAE453@correo.com,1,OK,0
 Víctor ,FLORES,H,05/03/1974,ESP,616103205,02/22/1986,+34352323832, VíFLO17@correo.com,1,OK,0
 Rodrigo ,FUENTES,H,07/30/1991,ARG,533556502,05/17/2004,+54201797909, RoFUE844@correo.com,1,OK,0
Inés,CABRERA,M,09/26/2000,COL,101945202,04/11/2018,+57492582116,InéCAB767@correo.com,1,NOK,1
 Rayan ,CORTES,H,01/09/2000,COL,231533101,08/29/2014,+57355194818, RaCOR870@correo.com,1,OK,0
 Rodrigo ,PASCUAL,H,08/26/2000,ARG,667470413,09/25/2019,+54975600404, RoPAS987@correo.com,1,OK,0
 Noah ,HERRERO,H,10/17/2000,PER,767454641,12/18/2009,+51303124962, NoHER376@correo.com,1,OK,0
 Álex ,CALVO,H,06/03/1974,PER,670366522,09/10/1984,+51968028623, ÁlCAL683@correo.com,1,OK,0
Iris,CRESPO,M,06/06/1971,ESP,269653506,05/21/1988,+34507803297,IriCRE399@correo.com,1,NOK,0
Margarita,ORTEGA,M,01/11/2000,PER,703672076,08/25/2002,+51895747134,MarORT28@correo.com,1,NOK,2
Talía,LOZANO,M,06/27/1965,COL,514128003,10/21/1972,+57978080243,TalLOZ64@correo.com,1,OK,0
 Daniel ,GARRIDO,H,01/21/1961,COL,785458451,01/04/1966,+57971747633, DaGAR276@correo.com,1,NOK,3
Laura,MUÑOZ,M,10/01/1966,ARG,517182433,02/14/1968,+54896866496,LauMUÑ69@correo.com,1,NOK,3
Isabella,SANTOS,M,01/17/1978,ARG,568777909,07/29/1978,+54276435304,IsaSAN104@correo.com,1,OK,0
 Álvaro ,PASCUAL,H,09/19/1973,MEX,898812584,06/17/1991,+52962851690, ÁlPAS806@correo.com,1,NOK,3
 Imran ,GARRIDO,H,05/26/1992,PER,475727538,03/28/2000,+51181091899, ImGAR149@correo.com,1,OK,0
 Liam ,LOPEZ,H,07/28/1993,MEX,209149732,04/29/2000,+52187349676, LiLOP934@correo.com,1,OK,0
Laia,SANZ,M,07/20/1994,ARG,750419570,05/22/2011,+54577251826,LaiSAN928@correo.com,1,NOK,0
Alejandra,CARMONA,M,11/09/1988,ESP,373254115,07/19/2008,+34907126918,AleCAR740@correo.com,1,OK,0
Orquídea,HERRERA,M,07/04/1966,ARG,652755529,12/26/1973,+54147505555,OrqHER408@correo.com,1,NOK,3
 Elías ,BENITEZ,H,05/10/1960,ESP,190436820,11/06/1965,+34515340259, ElBEN320@correo.com,1,NOK,3
 Adrián ,SANZ,H,07/04/2002,COL,747734584,09/14/2015,+57966084520, AdSAN404@correo.com,1,NOK,2
Mahra,FERNANDEZ,M,06/27/1963,MEX,761598529,01/30/1981,+52960415065,MahFER21@correo.com,1,OK,0
Azahara,VIDAL,M,04/01/1972,ARG,318835693,11/27/1986,+54917694913,AzaVID136@correo.com,1,NOK,0
 Joel ,REYES,H,11/18/1978,ESP,739618339,12/28/1979,+34705531929, JoREY418@correo.com,1,NOK,3
 Lucas ,DELGADO,H,07/21/1999,PER,257769903,05/28/2003,+51815624731, LuDEL190@correo.com,1,NOK,2
 Liam ,FUENTES,H,06/23/1989,ARG,963493438,12/25/2000,+54114150477, LiFUE302@correo.com,1,OK,0
 Jaime ,DELGADO,H,05/10/1963,ESP,419500460,02/10/1966,+34787250359, JaDEL859@correo.com,1,NOK,0
Ainhoa,MORALES,M,01/24/1978,ESP,981661227,09/22/1986,+34915572653,AinMOR628@correo.com,1,NOK,3
 Aleix ,CABRERA,H,03/03/1979,ARG,625378025,03/25/1983,+54676272174, AlCAB697@correo.com,1,NOK,1
Oriane,MEDINA,M,04/12/1975,COL,723041234,06/13/1985,+57181610527,OriMED28@correo.com,1,OK,0
Carla,CABRERA,M,05/09/1969,COL,441879107,03/20/1983,+57817667646,CarCAB754@correo.com,1,NOK,3
Cristina,,M,03/19/1972,COL,925331783,01/30/1989,+57529287876,Cri196@correo.com,1,NOK,2
Dalia,RUBIO,M,08/31/1968,PER,606435587,04/18/1978,+51414736878,DalRUB691@correo.com,1,NOK,2
Elena,ORTIZ,M,02/06/1992,ARG,430036971,05/10/2003,+54825797947,EleORT141@correo.com,1,OK,0
Edelweiss,RAMOS,M,09/04/1972,ESP,543659540,07/05/1987,+34511217822,EdeRAM136@correo.com,1,NOK,0
Lara,BLANCO,M,03/07/1961,PER,673876386,08/13/1971,+51679913156,LarBLA131@correo.com,1,OK,0
Amira,FERNANDEZ,M,04/12/1969,ARG,863942193,06/20/1977,+54460756251,AmiFER697@correo.com,1,NOK,0
 Raúl ,VICENTE,H,07/03/1962,ESP,584821598,07/23/1964,+34462174859, RaVIC919@correo.com,1,OK,0
 Alan ,SANTIAGO,H,09/03/2003,COL,322586840,03/19/2022,+57686233578, AlSAN693@correo.com,1,NOK,3
 Elías ,MORA,H,03/06/1969,COL,428799163,11/22/1985,+57666969236, ElMOR766@correo.com,1,OK,0
 Marc ,CRUZ,H,08/22/1987,ESP,433597659,03/15/1998,+34660607131, MaCRU122@correo.com,1,NOK,0
 Álvaro ,ROJAS,H,01/30/1977,MEX,438610607,12/14/1991,+52582121325, ÁlROJ514@correo.com,1,NOK,3
Abril,MENDEZ,M,01/12/1971,MEX,437952564,01/29/1974,+52913829466,AbrMEN475@correo.com,1,NOK,2
 Elías ,CASTRO,H,10/10/1974,MEX,740397595,03/08/1980,+52970151246, ElCAS274@correo.com,1,NOK,2
 Manuel,MOLINA,H,12/11/1968,MEX,892691453,01/27/1988,+52906716132, MaMOL639@correo.com,1,NOK,1
 Raúl ,CABALLERO,H,06/02/1964,PER,747816015,12/12/1974,+51564896617, RaCAB732@correo.com,1,NOK,1
 Jesús ,SANZ,H,03/15/1994,PER,593619494,03/10/1997,+51919174781, JeSAN332@correo.com,1,NOK,2
Adara,ROMAN,M,02/23/1998,PER,976295242,03/21/2012,+51363565173,AdaROM578@correo.com,1,NOK,0
 Aitor ,MARTINEZ,H,06/16/1986,PER,446604574,06/01/2004,+51142471102, AiMAR460@correo.com,1,OK,0
 Daniel ,ALVAREZ,H,10/23/1977,ARG,460940503,01/30/1996,+54219723178, DaALV106@correo.com,1,NOK,2
Edelweiss,ORTEGA,M,02/12/1979,MEX,945194324,01/19/1995,+52842209126,EdeORT920@correo.com,1,NOK,1
 Unai ,SOLER,H,06/27/1967,ESP,957250543,04/09/1975,+34697955084, UnSOL197@correo.com,1,NOK,0
Carlota,MOLINA,M,05/08/1960,MEX,609298588,06/23/1969,+52540177260,CarMOL347@correo.com,1,OK,0
Ainara,MOYA,M,02/20/1990,ARG,123372804,04/09/1990,+54364341898,AinMOY909@correo.com,1,OK,0
Alba,CARRASCO,M,01/12/1967,COL,245408295,07/26/1971,+57759907797,AlbCAR678@correo.com,1,OK,0
Julia,RODRIGUEZ,M,04/02/1975,ESP,936713429,11/08/1991,+34759590037,JulROD701@correo.com,1,NOK,1
 Carlos ,SAEZ,H,02/08/1961,COL,966297211,06/22/1963,+57253456880, CaSAE76@correo.com,1,OK,0
 Mohamed ,VEGA,H,05/24/2000,PER,139864078,06/06/2007,+51575981326, MoVEG930@correo.com,1,OK,0
Morgana,ORTIZ,M,12/08/1966,COL,334455335,09/18/1978,+57265737184,MorORT305@correo.com,1,NOK,2
Margarita,PARRA,M,07/16/1966,MEX,727840884,10/17/1967,+52961086125,MarPAR426@correo.com,1,OK,0
 Héctor ,HIDALGO,H,03/21/2003,ESP,524069781,06/09/2010,+34804688425, HéHID172@correo.com,1,NOK,1
Daniela,RUBIO,M,05/07/1966,ARG,515876517,07/08/1977,+54859220734,DanRUB622@correo.com,1,NOK,2
Emma,DIEZ,M,01/25/1997,MEX,966856107,03/09/1997,+52304745870,EmmDIE267@correo.com,1,OK,0
Alejandra,MOYA,M,07/23/1968,ARG,908537602,01/21/1980,+54289919015,AleMOY343@correo.com,1,NOK,3
Ainara,SANTANA,M,06/25/1993,MEX,505349327,12/14/1994,+52684432973,AinSAN920@correo.com,1,OK,0
 Youssef ,MARTINEZ,H,03/07/1964,COL,230480796,02/12/1966,+57342429741, YoMAR478@correo.com,1,NOK,3
 Noah ,SANTOS,H,11/25/1974,ARG,948360882,08/06/1983,+54815879227, NoSAN422@correo.com,1,NOK,1
Helena,DURAN,M,08/15/1966,MEX,500744812,07/05/1983,+52267243193,HelDUR978@correo.com,1,OK,0
 Pau ,CORTES,H,03/20/1992,COL,525569180,11/06/1997,+57334871572, PaCOR488@correo.com,1,OK,0
Hortensia,CALVO,M,10/20/1974,COL,487962753,02/21/1986,+57501751157,HorCAL128@correo.com,1,OK,0
 Elías ,SANTANA,H,02/05/1981,COL,682748898,09/21/1983,+57798922538, ElSAN30@correo.com,1,OK,0
 Thiago ,MORA,H,03/28/1971,MEX,703642363,07/03/1973,+52875149830, ThMOR834@correo.com,1,NOK,0
 José ,TORRES,H,07/01/1967,PER,759798572,06/02/1982,+51167528478, JoTOR473@correo.com,1,OK,0
Amira,ALVAREZ,M,09/29/1981,COL,358674456,10/25/1983,+57362726529,AmiALV249@correo.com,1,NOK,1
 Santiago ,TORRES,H,05/31/1968,ESP,152943642,01/28/1985,+34137645724, SaTOR664@correo.com,1,OK,0
Reva,PEÑA,M,07/04/2001,ESP,385499726,12/23/2003,+34323803510,RevPEÑ156@correo.com,1,NOK,1
Anahí,SOTO,M,11/10/1990,PER,685197016,01/12/1991,+51851191917,AnaSOT458@correo.com,1,OK,0
 David ,GARCIA,H,08/04/1997,ESP,472278170,05/19/2016,+34433585791, DaGAR105@correo.com,1,NOK,1
 Jorge ,DOMINGUEZ,H,05/16/1995,COL,145098771,09/15/2013,+57624391971, JoDOM937@correo.com,1,OK,0
 Juan ,VICENTE,H,08/06/1995,ESP,786220763,06/29/1999,+34397789841, JuVIC376@correo.com,1,OK,0
Candela,NAVARRO,M,05/01/1990,MEX,190923205,09/16/1996,+52637203936,CanNAV710@correo.com,1,OK,0
 Juan ,REYES,H,04/30/1988,COL,454447262,12/02/1994,+57245957829, JuREY702@correo.com,1,OK,0
 Andrés ,MARTINEZ,H,02/12/1966,COL,988580686,12/06/1977,+57359837582, AnMAR882@correo.com,1,NOK,2
Ángela,,M,03/19/1994,PER,721156812,01/19/1997,+51962952497,Áng175@correo.com,1,OK,0
Ariadna,GUERRERO,M,09/03/1970,ARG,374124393,01/31/1975,+54722910270,AriGUE492@correo.com,1,NOK,3
Aroa,SERRANO,M,05/03/1988,MEX,263368428,06/05/1990,+52408910003,AroSER827@correo.com,1,OK,0
 Mario ,FERRER,H,12/09/1965,COL,886451816,06/03/1985,+57675678902, MaFER918@correo.com,1,OK,0
Iris,CARRASCO,M,05/19/1998,COL,130945804,03/31/2017,+57824968508,IriCAR937@correo.com,1,NOK,3
 Ismael ,MEDINA,H,06/12/2001,PER,237929097,11/06/2020,+51796107602, IsMED970@correo.com,1,NOK,1
 Cristian ,HERRERO,H,04/11/1972,COL,472953664,06/01/1990,+57515547312, CrHER167@correo.com,1,NOK,1
Jimena,SAEZ,M,05/28/1976,MEX,667729714,09/08/1983,+52435066846,JimSAE105@correo.com,1,OK,0
 Cristian ,CABALLERO,H,05/14/1994,ESP,933546158,06/24/2012,+34826889168, CrCAB854@correo.com,1,OK,0
,NAVARRO,H,09/10/1996,COL,160044295,09/29/1999,+57723613597,NAV744@correo.com,1,OK,0
 Rafael ,VIDAL,H,01/05/1991,COL,967054243,04/28/1996,+57561506474, RaVID527@correo.com,1,NOK,1
 Luis ,LORENZO,H,04/26/1973,ARG,515304728,05/10/1983,+54837277975, LuLOR487@correo.com,1,OK,0
 Mauro ,ALONSO,H,01/12/1968,PER,897989032,02/11/1968,+51125744600, MaALO475@correo.com,1,OK,0
Brena,JIMENEZ,M,11/23/1964,PER,300110519,02/27/1982,+51587921818,BreJIM714@correo.com,1,OK,0
Cristina,SANTOS,M,10/12/1961,MEX,804624007,06/22/1974,+52198069940,CriSAN919@correo.com,1,NOK,0
 Oliver ,REYES,H,05/31/1974,ARG,472660040,01/18/1979,+54543827270, OlREY756@correo.com,1,NOK,3
Leire,SANZ,M,09/09/1994,ARG,150929688,03/26/2005,+54330759133,LeiSAN890@correo.com,1,NOK,2
Laura,HERRERO,M,01/21/2003,ESP,302645175,12/01/2003,+34255949255,LauHER499@correo.com,1,NOK,1
Chlóe,SANTANA,M,05/25/1999,ESP,641790284,11/14/2011,+34669430304,ChlSAN510@correo.com,1,OK,0
Julieta,CASTRO,M,01/06/1973,COL,634808308,09/24/1975,+57305524791,JulCAS66@correo.com,1,OK,0
Elena,FERNANDEZ,M,09/16/1988,MEX,678809520,03/18/1993,+52407326935,EleFER727@correo.com,1,OK,0
Esmeralda,BENITEZ,M,01/28/2001,PER,831002461,10/26/2007,+51751418936,EsmBEN447@correo.com,1,OK,0
 Eric ,CORTES,H,04/29/1997,PER,711557750,02/01/2009,+51323973874, ErCOR900@correo.com,1,OK,0
Alizeh,FUENTES,M,04/01/1960,COL,210596958,05/12/1966,+57215058404,AliFUE876@correo.com,1,OK,0
 Gabriel ,DOMINGUEZ,H,12/31/2003,PER,389533629,09/22/2023,+51771254838, GaDOM101@correo.com,1,NOK,1
 Rodrigo ,GIL,H,04/22/1975,COL,176301970,03/30/1985,+57416621276, RoGIL351@correo.com,1,NOK,1
 Ángel ,VICENTE,H,09/11/1968,COL,823027769,03/05/1977,+57238275205, ÁnVIC15@correo.com,1,NOK,3
Cristina,CABALLERO,M,05/24/1979,COL,198903339,08/01/1981,+57743787588,CriCAB33@correo.com,1,OK,0
Alhelí,NAVARRO,M,03/02/1992,MEX,138089854,07/28/2006,+52208718564,AlhNAV94@correo.com,1,OK,0
 Isaac ,SANTANA,H,01/07/1974,MEX,342160115,03/25/1977,+52116123584, IsSAN820@correo.com,1,NOK,3
Esen,JIMENEZ,M,11/02/1966,COL,221977524,01/05/1968,+57692262754,EseJIM845@correo.com,1,NOK,2
 Ángel ,SANTANA,H,01/06/1994,ARG,381241309,11/03/2001,+54697071810, ÁnSAN568@correo.com,1,NOK,0
 Leo ,SOTO,H,09/06/1993,PER,598765916,10/16/2006,+51286533674, LeSOT260@correo.com,1,OK,0
Carmen,MONTERO,M,04/01/1994,PER,227665907,10/18/2002,+51509346803,CarMON819@correo.com,1,OK,0
 Pedro ,IBAÑEZ,H,04/30/1972,ESP,979558944,11/06/1980,+34261863026, PeIBA885@correo.com,1,OK,0
 Aitor ,RIVERA,H,01/15/1988,COL,215334040,04/06/1993,+57514555109, AiRIV703@correo.com,1,NOK,2
Chlóe,PEÑA,M,11/18/1973,ARG,921574909,05/05/1980,+54809425677,ChlPEÑ45@correo.com,1,OK,0
Julia,NAVARRO,M,02/01/1973,ARG,126048808,01/02/1989,+54897594143,JulNAV175@correo.com,1,NOK,1
Anahí,,M,03/22/1976,COL,723001546,01/15/1993,+57795178419,Ana117@correo.com,1,NOK,2
 Mauro ,CASTRO,H,03/04/2000,MEX,286008158,08/07/2015,+52102991772, MaCAS276@correo.com,1,NOK,2
Miku,ARIAS,M,05/02/1974,ESP,556454571,10/10/1989,+34492704434,MikARI932@correo.com,1,OK,0
Magnolia,CALVO,M,08/16/2003,PER,653645108,12/08/2013,+51218868341,MagCAL60@correo.com,1,OK,0
Jora,PEÑA,M,01/31/1975,COL,524652819,03/09/1988,+57716773366,JorPEÑ315@correo.com,1,OK,0
Morgana,HERNANDEZ,M,08/28/1970,PER,183836110,07/09/1979,+51714266654,MorHER815@correo.com,1,NOK,0
 Darío ,,H,05/24/1980,MEX,917948518,01/19/1987,+52791586163, Da712@correo.com,1,NOK,0
Elsa,LOPEZ,M,04/26/1976,COL,721993793,11/26/1977,+57428298610,ElsLOP303@correo.com,1,OK,0
Fátima,RODRIGUEZ,M,03/20/2002,ARG,821994455,03/05/2019,+54910221890,FátROD440@correo.com,1,OK,0
Leyre,GARCIA,M,09/22/1970,PER,779419732,09/01/1982,+51774553805,LeyGAR318@correo.com,1,NOK,1
 Jan ,DELGADO,H,05/21/1975,PER,934298004,12/08/1982,+51349858156, JaDEL9@correo.com,1,OK,0
Jimena,HERRERA,M,02/22/1989,MEX,354833699,11/29/2003,+52111568802,JimHER345@correo.com,1,OK,0
 Bruno ,RIVERA,H,08/18/1997,ESP,442120804,08/08/2008,+34172658657, BrRIV537@correo.com,1,NOK,2
Azalea,GARCIA,M,10/19/1998,MEX,560489324,10/27/2001,+52915795946,AzaGAR172@correo.com,1,NOK,3
 Luis ,PEÑA,H,12/02/1990,ESP,941002127,01/25/2009,+34124576992, LuPEÑ828@correo.com,1,OK,0
 Pedro ,GIL,H,11/11/1983,PER,202410926,04/24/1985,+51186189043, PeGIL326@correo.com,1,OK,0
Kalindi,MORA,M,12/15/1985,MEX,881334597,12/01/1996,+52185845718,KalMOR259@correo.com,1,NOK,3
Blanca,ARIAS,M,10/22/1970,ARG,282398924,11/04/1979,+54962764933,BlaARI275@correo.com,1,OK,0
 Marc ,NAVARRO,H,10/24/1976,COL,378845531,12/31/1976,+57718992670, MaNAV442@correo.com,1,NOK,2
 Teo ,SOTO,H,02/26/1987,ESP,797801846,01/11/2007,+34878131689, TeSOT675@correo.com,1,NOK,2
Irene,VEGA,M,02/24/1996,MEX,521431611,12/24/2001,+52176352359,IreVEG617@correo.com,1,OK,0
 Mateo ,CORTES,H,06/30/1986,ARG,351586895,06/13/2000,+54686189124, MaCOR784@correo.com,1,NOK,0
Otoño,MOYA,M,04/03/1961,ARG,855428249,01/02/1967,+54568993329,OtoMOY258@correo.com,1,OK,0
Azahara,VARGAS,M,02/01/1996,COL,804470696,09/23/2002,+57300452879,AzaVAR762@correo.com,1,NOK,0
 Thiago ,LORENZO,H,07/25/1982,MEX,748537425,11/11/1992,+52158857283, ThLOR58@correo.com,1,OK,0
Mahra,LORENZO,M,10/15/1976,PER,496594329,10/05/1987,+51551568906,MahLOR220@correo.com,1,NOK,2
 Saúl ,CASTILLO,H,04/07/1967,MEX,623930761,10/10/1982,+52754189911, SaCAS888@correo.com,1,NOK,3
 Jesús ,CASTRO,H,02/10/1970,MEX,616016901,05/27/1989,+52828425986, JeCAS123@correo.com,1,NOK,1
 Liam ,REYES,H,01/03/1985,ARG,280180995,07/09/1987,+54660985026, LiREY32@correo.com,1,NOK,3
Clara,ALVAREZ,M,09/22/1993,COL,782950695,04/07/2010,+57880108664,ClaALV698@correo.com,1,NOK,3
 Iker ,,H,05/14/1968,COL,585710045,09/15/1974,+57175365818, Ik832@correo.com,1,NOK,2
 Nil ,GALLARDO,H,03/21/1978,MEX,513434642,01/20/1994,+52134125008, NiGAL326@correo.com,1,OK,0
 Teo ,GARCIA,H,10/06/1985,COL,287379534,06/13/2005,+57851808368, TeGAR275@correo.com,1,OK,0
 Omar ,FLORES,H,10/26/2002,PER,962848374,01/02/2010,+51676096744, OmFLO394@correo.com,1,OK,0
 Biel ,RAMOS,H,11/27/1990,ARG,774391137,06/11/2002,+54416230141, BiRAM81@correo.com,1,OK,0
 Álex ,NAVARRO,H,11/16/1973,ESP,594552592,11/04/1993,+34974797415, ÁlNAV850@correo.com,1,NOK,2
 Liam ,MARTIN,H,08/23/1973,ARG,694406613,03/18/1989,+54748295801, LiMAR889@correo.com,1,NOK,0
Julia,DIAZ,M,08/01/1989,COL,885323356,01/26/2008,+57881518757,JulDIA311@correo.com,1,NOK,1
Cayetana,ORTEGA,M,11/22/1962,COL,749773215,01/05/1980,+57997678725,CayORT560@correo.com,1,NOK,3
Lara,VEGA,M,01/24/1960,COL,332524123,08/18/1978,+57929127078,LarVEG125@correo.com,1,NOK,3
Elia,FLORES,M,06/04/1960,PER,637603645,03/25/1976,+51329550586,EliFLO360@correo.com,1,NOK,2
Elia,PASCUAL,M,06/02/1962,PER,960669682,06/13/1969,+51662648670,EliPAS842@correo.com,1,OK,0
 Óscar ,GUERRERO,H,09/27/1983,ESP,948383784,06/08/1994,+34555215091, ÓsGUE516@correo.com,1,NOK,2
